Date;Risk_free
02/01/2001;0.000578517
03/01/2001;0.000577143
04/01/2001;0.000573709
05/01/2001;0.000572678
08/01/2001;0.000572678
09/01/2001;0.000569927
10/01/2001;0.000569583
11/01/2001;0.000567863
12/01/2001;0.000567175
15/01/2001;0.000565798
16/01/2001;0.000566486
17/01/2001;0.000565109
18/01/2001;0.00056442
19/01/2001;0.000563042
22/01/2001;0.000562009
23/01/2001;0.000560974
24/01/2001;0.00055994
26/01/2001;0.000557181
29/01/2001;0.000556491
30/01/2001;0.000555455
31/01/2001;0.0005558
01/02/2001;0.0005558
02/02/2001;0.000555455
05/02/2001;0.000556836
06/02/2001;0.000557526
07/02/2001;0.000558906
08/02/2001;0.000557871
09/02/2001;0.000556491
12/02/2001;0.000558561
13/02/2001;0.000557181
14/02/2001;0.000555455
15/02/2001;0.00056063
16/02/2001;0.000563042
19/02/2001;0.000565453
20/02/2001;0.000566486
21/02/2001;0.000567519
22/02/2001;0.000565453
23/02/2001;0.000564076
28/02/2001;0.000563387
01/03/2001;0.000563042
02/03/2001;0.000561664
05/03/2001;0.000562009
06/03/2001;0.000561319
07/03/2001;0.000561319
08/03/2001;0.000562353
09/03/2001;0.000560974
12/03/2001;0.000562009
13/03/2001;0.00056442
14/03/2001;0.000568551
15/03/2001;0.000598714
16/03/2001;0.000598373
19/03/2001;0.000623225
20/03/2001;0.000592221
21/03/2001;0.000607242
22/03/2001;0.000710501
23/03/2001;0.000694198
26/03/2001;0.000630684
27/03/2001;0.000614391
28/03/2001;0.000617451
29/03/2001;0.000643198
30/03/2001;0.000609967
02/04/2001;0.000615411
03/04/2001;0.000621188
04/04/2001;0.000622546
05/04/2001;0.000613031
06/04/2001;0.000609967
09/04/2001;0.000609627
10/04/2001;0.000606561
11/04/2001;0.000615071
12/04/2001;0.000624921
16/04/2001;0.000667102
17/04/2001;0.000636439
18/04/2001;0.000636439
19/04/2001;0.000643536
20/04/2001;0.000740931
23/04/2001;0.000724753
24/04/2001;0.000726076
25/04/2001;0.000733015
26/04/2001;0.000674479
27/04/2001;0.000650283
30/04/2001;0.000651294
02/05/2001;0.000652642
03/05/2001;0.000638806
04/05/2001;0.000630007
07/05/2001;0.0006361
08/05/2001;0.000632039
09/05/2001;0.000633055
10/05/2001;0.000627634
11/05/2001;0.000646236
14/05/2001;0.000658365
15/05/2001;0.000650283
16/05/2001;0.00063982
17/05/2001;0.000643536
18/05/2001;0.000645224
21/05/2001;0.000644549
22/05/2001;0.000653316
23/05/2001;0.000662064
24/05/2001;0.000644549
25/05/2001;0.000643873
28/05/2001;0.000641847
29/05/2001;0.000640158
30/05/2001;0.000638806
31/05/2001;0.000641847
01/06/2001;0.000653653
04/06/2001;0.000643873
05/06/2001;0.000638468
06/06/2001;0.000640158
07/06/2001;0.000635762
08/06/2001;0.000634747
11/06/2001;0.000636777
12/06/2001;0.000636439
13/06/2001;0.000639482
15/06/2001;0.000649946
18/06/2001;0.000688527
19/06/2001;0.000690863
20/06/2001;0.000681844
21/06/2001;0.000678833
22/06/2001;0.000671798
25/06/2001;0.000673809
26/06/2001;0.000682512
27/06/2001;0.000690863
28/06/2001;0.000699862
29/06/2001;0.000693531
02/07/2001;0.000694198
03/07/2001;0.000719124
04/07/2001;0.000745542
05/07/2001;0.000796882
06/07/2001;0.000760653
10/07/2001;0.00082634
11/07/2001;0.000829886
12/07/2001;0.000859102
13/07/2001;0.000847891
16/07/2001;0.000817946
17/07/2001;0.000802402
18/07/2001;0.000804672
19/07/2001;0.000789077
20/07/2001;0.000769823
23/07/2001;0.000745212
24/07/2001;0.000769823
25/07/2001;0.000754746
26/07/2001;0.00075606
27/07/2001;0.000759669
30/07/2001;0.000746529
31/07/2001;0.000753761
01/08/2001;0.000757044
02/08/2001;0.000747187
03/08/2001;0.000748503
06/08/2001;0.00074192
07/08/2001;0.000750475
08/08/2001;0.000734996
09/08/2001;0.000740931
10/08/2001;0.000732685
13/08/2001;0.000737305
14/08/2001;0.000751133
15/08/2001;0.000740272
16/08/2001;0.000733015
17/08/2001;0.000742578
20/08/2001;0.000732025
21/08/2001;0.000747845
22/08/2001;0.000722436
23/08/2001;0.000726076
24/08/2001;0.000721112
27/08/2001;0.000722767
28/08/2001;0.000713156
29/08/2001;0.000709837
30/08/2001;0.000712161
31/08/2001;0.000709173
03/09/2001;0.000707512
04/09/2001;0.000706182
05/09/2001;0.00070884
06/09/2001;0.000710501
10/09/2001;0.000710501
11/09/2001;0.000731364
12/09/2001;0.000733015
13/09/2001;0.000744883
14/09/2001;0.000761308
17/09/2001;0.000734006
18/09/2001;0.000721443
19/09/2001;0.000724091
20/09/2001;0.000721443
21/09/2001;0.000739283
24/09/2001;0.000761636
25/09/2001;0.000755731
26/09/2001;0.000758029
27/09/2001;0.000734996
28/09/2001;0.000724753
01/10/2001;0.000727068
02/10/2001;0.000726737
03/10/2001;0.000738954
04/10/2001;0.000748831
05/10/2001;0.000742908
08/10/2001;0.000750147
09/10/2001;0.000743237
10/10/2001;0.000736975
11/10/2001;0.000740602
15/10/2001;0.000729712
16/10/2001;0.000720781
17/10/2001;0.000716804
18/10/2001;0.000722105
19/10/2001;0.000716141
22/10/2001;0.000717467
23/10/2001;0.000718793
24/10/2001;0.000724422
25/10/2001;0.00071813
26/10/2001;0.000720449
29/10/2001;0.000723098
30/10/2001;0.000720449
31/10/2001;0.000713156
01/11/2001;0.000711829
05/11/2001;0.000704187
06/11/2001;0.000702192
07/11/2001;0.000696531
08/11/2001;0.000695532
09/11/2001;0.00069853
12/11/2001;0.000702192
13/11/2001;0.000699862
14/11/2001;0.000696864
16/11/2001;0.000692864
19/11/2001;0.000687191
20/11/2001;0.000693531
21/11/2001;0.000689528
22/11/2001;0.000695865
23/11/2001;0.000694532
26/11/2001;0.000697864
27/11/2001;0.000699196
28/11/2001;0.000701859
29/11/2001;0.000704187
30/11/2001;0.000701193
03/12/2001;0.000698197
04/12/2001;0.000698197
05/12/2001;0.000701526
06/12/2001;0.000702524
07/12/2001;0.000701859
10/12/2001;0.000696531
11/12/2001;0.000697531
12/12/2001;0.000697864
13/12/2001;0.000698197
14/12/2001;0.000697864
17/12/2001;0.000699196
18/12/2001;0.000696864
19/12/2001;0.000691864
20/12/2001;0.00069853
21/12/2001;0.000697864
26/12/2001;0.000696864
27/12/2001;0.000695532
28/12/2001;0.000690863
02/01/2002;0.000689528
03/01/2002;0.000688193
04/01/2002;0.000690529
07/01/2002;0.000686857
08/01/2002;0.000689528
09/01/2002;0.000690529
10/01/2002;0.00069153
11/01/2002;0.000691864
14/01/2002;0.000693865
15/01/2002;0.000694532
16/01/2002;0.000694865
17/01/2002;0.000690195
18/01/2002;0.000690863
21/01/2002;0.000691197
22/01/2002;0.000691197
23/01/2002;0.000689528
24/01/2002;0.000693198
28/01/2002;0.000693531
29/01/2002;0.000695532
30/01/2002;0.000696864
31/01/2002;0.000697864
01/02/2002;0.000693531
04/02/2002;0.000694865
05/02/2002;0.000697531
06/02/2002;0.000690529
07/02/2002;0.000690195
08/02/2002;0.000690195
13/02/2002;0.000686523
14/02/2002;0.000686857
15/02/2002;0.000685855
18/02/2002;0.000686523
19/02/2002;0.000685855
20/02/2002;0.000684852
21/02/2002;0.000681509
22/02/2002;0.000682512
25/02/2002;0.000680506
26/02/2002;0.000681175
27/02/2002;0.000679837
28/02/2002;0.000681175
01/03/2002;0.000681175
04/03/2002;0.000681509
05/03/2002;0.000680506
06/03/2002;0.000681844
07/03/2002;0.000676824
08/03/2002;0.000681509
11/03/2002;0.000681509
12/03/2002;0.000673809
13/03/2002;0.000675149
14/03/2002;0.000673809
15/03/2002;0.000673139
18/03/2002;0.000667102
19/03/2002;0.000670792
20/03/2002;0.000664751
21/03/2002;0.000674479
22/03/2002;0.000675819
25/03/2002;0.000675819
26/03/2002;0.000674815
27/03/2002;0.000673474
28/03/2002;0.000672804
01/04/2002;0.000672469
02/04/2002;0.000671798
03/04/2002;0.000672134
04/04/2002;0.000672134
05/04/2002;0.000671798
08/04/2002;0.00066878
09/04/2002;0.000667773
10/04/2002;0.000667773
11/04/2002;0.000667102
12/04/2002;0.000666095
15/04/2002;0.000667437
16/04/2002;0.000667102
17/04/2002;0.000665759
18/04/2002;0.000672469
19/04/2002;0.000671798
22/04/2002;0.000673809
23/04/2002;0.000673474
24/04/2002;0.000672134
25/04/2002;0.000672804
26/04/2002;0.000672804
29/04/2002;0.000672804
30/04/2002;0.000668109
02/05/2002;0.000672469
03/05/2002;0.000670457
06/05/2002;0.000669786
07/05/2002;0.000669451
08/05/2002;0.000668109
09/05/2002;0.000669115
10/05/2002;0.000667102
13/05/2002;0.000668109
14/05/2002;0.000670122
15/05/2002;0.000669786
16/05/2002;0.000666766
17/05/2002;0.000667102
20/05/2002;0.000667102
21/05/2002;0.000666095
22/05/2002;0.000668444
23/05/2002;0.000667773
24/05/2002;0.000667773
27/05/2002;0.000668444
28/05/2002;0.000666095
29/05/2002;0.000664415
31/05/2002;0.000663744
03/06/2002;0.000659374
04/06/2002;0.000652642
05/06/2002;0.000650957
06/06/2002;0.000661391
07/06/2002;0.000666766
10/06/2002;0.00066643
11/06/2002;0.000674815
12/06/2002;0.000740602
13/06/2002;0.000695865
14/06/2002;0.00069853
17/06/2002;0.000681844
18/06/2002;0.000686523
19/06/2002;0.000682847
20/06/2002;0.000689194
21/06/2002;0.000737305
24/06/2002;0.000678163
25/06/2002;0.00069153
26/06/2002;0.000690195
27/06/2002;0.00068084
28/06/2002;0.000677494
01/07/2002;0.000685521
02/07/2002;0.000687191
03/07/2002;0.000688193
04/07/2002;0.000687525
05/07/2002;0.000686189
08/07/2002;0.000685186
10/07/2002;0.000684852
11/07/2002;0.00068084
12/07/2002;0.000675819
15/07/2002;0.000678163
16/07/2002;0.000679502
17/07/2002;0.000666766
18/07/2002;0.000666766
19/07/2002;0.000667437
22/07/2002;0.000670457
23/07/2002;0.000676154
24/07/2002;0.000671798
25/07/2002;0.000674479
26/07/2002;0.000682178
29/07/2002;0.000747516
30/07/2002;0.000739613
31/07/2002;0.00071382
01/08/2002;0.000717136
02/08/2002;0.000690529
05/08/2002;0.000709837
06/08/2002;0.000694198
07/08/2002;0.000684184
08/08/2002;0.000675484
09/08/2002;0.000688527
12/08/2002;0.000693531
13/08/2002;0.000681509
14/08/2002;0.000676489
15/08/2002;0.000679502
16/08/2002;0.000674144
19/08/2002;0.000671128
20/08/2002;0.000669451
21/08/2002;0.000668444
22/08/2002;0.000667437
23/08/2002;0.000662064
26/08/2002;0.000661728
27/08/2002;0.000663072
28/08/2002;0.00065971
29/08/2002;0.000655673
30/08/2002;0.000657692
02/09/2002;0.000658365
03/09/2002;0.000658701
04/09/2002;0.000661391
05/09/2002;0.00066408
06/09/2002;0.000667437
09/09/2002;0.000667102
10/09/2002;0.000672134
11/09/2002;0.000670122
12/09/2002;0.000670122
13/09/2002;0.000668444
16/09/2002;0.000675484
17/09/2002;0.000672804
18/09/2002;0.000677829
19/09/2002;0.000685855
20/09/2002;0.000678498
23/09/2002;0.000683515
24/09/2002;0.000693531
25/09/2002;0.000686523
26/09/2002;0.000681844
27/09/2002;0.000692864
30/09/2002;0.000698863
01/10/2002;0.000678163
02/10/2002;0.000676489
03/10/2002;0.000681509
04/10/2002;0.000675484
07/10/2002;0.000681844
08/10/2002;0.000682847
09/10/2002;0.000690863
10/10/2002;0.000692531
11/10/2002;0.000707512
14/10/2002;0.000834717
15/10/2002;0.000866772
16/10/2002;0.000831497
17/10/2002;0.000831497
18/10/2002;0.000816329
21/10/2002;0.000807266
22/10/2002;0.000806294
23/10/2002;0.000790704
24/10/2002;0.000789402
25/10/2002;0.000785168
28/10/2002;0.000787774
29/10/2002;0.000792005
30/10/2002;0.000796882
31/10/2002;0.000787123
01/11/2002;0.000779624
04/11/2002;0.000783212
05/11/2002;0.000786146
06/11/2002;0.000798831
07/11/2002;0.000798182
08/11/2002;0.000797857
11/11/2002;0.000797532
12/11/2002;0.000808886
13/11/2002;0.000822468
14/11/2002;0.000823759
18/11/2002;0.000820531
19/11/2002;0.000819238
20/11/2002;0.00080759
21/11/2002;0.000809858
22/11/2002;0.000811153
25/11/2002;0.000806942
26/11/2002;0.000810181
27/11/2002;0.000812448
28/11/2002;0.000818592
29/11/2002;0.000825695
02/12/2002;0.000829242
03/12/2002;0.000836326
04/12/2002;0.000839863
05/12/2002;0.000849815
06/12/2002;0.000846607
09/12/2002;0.000854301
10/12/2002;0.000856222
11/12/2002;0.0008623
12/12/2002;0.000869007
13/12/2002;0.000866134
16/12/2002;0.000869964
17/12/2002;0.000870921
18/12/2002;0.000888741
19/12/2002;0.000897305
20/12/2002;0.000897622
23/12/2002;0.000900155
26/12/2002;0.000902371
27/12/2002;0.000901738
30/12/2002;0.00090332
02/01/2003;0.000893818
03/01/2003;0.000889376
06/01/2003;0.000894135
07/01/2003;0.000893184
08/01/2003;0.000889694
09/01/2003;0.000889059
10/01/2003;0.000883976
13/01/2003;0.000885882
14/01/2003;0.000886836
15/01/2003;0.000889059
16/01/2003;0.000888741
17/01/2003;0.000892232
20/01/2003;0.000894135
21/01/2003;0.000894452
22/01/2003;0.000899522
23/01/2003;0.000901738
24/01/2003;0.000914062
27/01/2003;0.0009169
28/01/2003;0.000907115
29/01/2003;0.000906482
30/01/2003;0.000907115
31/01/2003;0.000907747
03/02/2003;0.000909642
04/02/2003;0.000911537
05/02/2003;0.000911853
06/02/2003;0.000919737
07/02/2003;0.000919737
10/02/2003;0.000923516
11/02/2003;0.000923516
12/02/2003;0.000924774
13/02/2003;0.000938282
14/02/2003;0.000941103
17/02/2003;0.000938282
18/02/2003;0.000939536
19/02/2003;0.000947366
20/02/2003;0.000941416
21/02/2003;0.000941416
24/02/2003;0.00094079
25/02/2003;0.000940163
26/02/2003;0.00094079
27/02/2003;0.000941416
28/02/2003;0.00094173
05/03/2003;0.000943296
06/03/2003;0.000942043
07/03/2003;0.000943296
10/03/2003;0.000942356
11/03/2003;0.000939536
12/03/2003;0.000938282
13/03/2003;0.000934831
14/03/2003;0.000933889
17/03/2003;0.000937341
18/03/2003;0.000934831
19/03/2003;0.000941103
20/03/2003;0.00094079
21/03/2003;0.000935145
24/03/2003;0.000934831
25/03/2003;0.000937341
26/03/2003;0.000935458
27/03/2003;0.000933261
28/03/2003;0.000931691
31/03/2003;0.000931377
01/04/2003;0.000928863
02/04/2003;0.000928234
03/04/2003;0.000926662
04/04/2003;0.000925089
07/04/2003;0.000922256
08/04/2003;0.000921941
09/04/2003;0.000922256
10/04/2003;0.000924774
11/04/2003;0.000924774
14/04/2003;0.000926033
15/04/2003;0.000925089
16/04/2003;0.000925404
17/04/2003;0.000920682
22/04/2003;0.000920682
23/04/2003;0.000922256
24/04/2003;0.000921627
25/04/2003;0.000920052
28/04/2003;0.000919737
29/04/2003;0.000919107
30/04/2003;0.000920052
02/05/2003;0.000920367
05/05/2003;0.000921312
06/05/2003;0.000921312
07/05/2003;0.000918791
08/05/2003;0.000915323
09/05/2003;0.000918161
12/05/2003;0.000918161
13/05/2003;0.00091627
14/05/2003;0.000915639
15/05/2003;0.00091627
16/05/2003;0.000918161
19/05/2003;0.000918476
20/05/2003;0.000917531
21/05/2003;0.000918791
22/05/2003;0.000919107
23/05/2003;0.000920367
26/05/2003;0.000920997
27/05/2003;0.000921312
28/05/2003;0.000920997
29/05/2003;0.000919737
30/05/2003;0.000922256
02/06/2003;0.000922571
03/06/2003;0.000920997
04/06/2003;0.000918161
05/06/2003;0.000917531
06/06/2003;0.000915323
09/06/2003;0.000912168
10/06/2003;0.000914062
11/06/2003;0.000914693
12/06/2003;0.000911221
13/06/2003;0.000907115
16/06/2003;0.000906166
17/06/2003;0.000905218
18/06/2003;0.000904902
20/06/2003;0.000905218
23/06/2003;0.000902371
24/06/2003;0.000899839
25/06/2003;0.000900155
26/06/2003;0.000900155
27/06/2003;0.000899522
30/06/2003;0.000898255
01/07/2003;0.000897622
02/07/2003;0.000897938
03/07/2003;0.000892867
04/07/2003;0.000890963
07/07/2003;0.000886518
08/07/2003;0.000882068
10/07/2003;0.000879204
11/07/2003;0.000879523
14/07/2003;0.000871558
15/07/2003;0.000869964
16/07/2003;0.000865176
17/07/2003;0.00086262
18/07/2003;0.000854942
21/07/2003;0.000849174
22/07/2003;0.000845324
23/07/2003;0.000851418
24/07/2003;0.000850456
25/07/2003;0.000851097
28/07/2003;0.000850456
29/07/2003;0.000849494
30/07/2003;0.000848853
31/07/2003;0.000847891
01/08/2003;0.000849174
04/08/2003;0.000848212
05/08/2003;0.000844361
06/08/2003;0.000840185
07/08/2003;0.000835682
08/08/2003;0.000834717
11/08/2003;0.000828275
12/08/2003;0.000826018
13/08/2003;0.000820854
14/08/2003;0.000815036
15/08/2003;0.000812448
18/08/2003;0.00080759
19/08/2003;0.000801104
20/08/2003;0.000774727
21/08/2003;0.000770804
22/08/2003;0.000767859
25/08/2003;0.000767532
26/08/2003;0.000764585
27/08/2003;0.000763602
28/08/2003;0.000761964
29/08/2003;0.000759997
01/09/2003;0.000758357
02/09/2003;0.000755075
03/09/2003;0.000752776
04/09/2003;0.000747516
05/09/2003;0.000743896
08/09/2003;0.000749489
09/09/2003;0.000735656
10/09/2003;0.000731694
11/09/2003;0.000726076
12/09/2003;0.000722105
15/09/2003;0.00071382
16/09/2003;0.000713156
17/09/2003;0.000708508
18/09/2003;0.000707512
19/09/2003;0.000706182
22/09/2003;0.000706182
23/09/2003;0.000706515
24/09/2003;0.00070585
25/09/2003;0.000707512
26/09/2003;0.00070585
29/09/2003;0.000704852
30/09/2003;0.000704187
01/10/2003;0.000704187
02/10/2003;0.000702524
03/10/2003;0.000701859
06/10/2003;0.000698863
07/10/2003;0.000696198
08/10/2003;0.000693198
09/10/2003;0.000691864
10/10/2003;0.000690863
13/10/2003;0.000687191
14/10/2003;0.000684518
15/10/2003;0.000682512
16/10/2003;0.000679502
17/10/2003;0.00068084
20/10/2003;0.000678833
21/10/2003;0.000675819
22/10/2003;0.000674815
23/10/2003;0.000676489
24/10/2003;0.000675484
27/10/2003;0.000675484
28/10/2003;0.000674144
29/10/2003;0.000674479
30/10/2003;0.000673474
31/10/2003;0.000672469
03/11/2003;0.000670122
04/11/2003;0.000669451
05/11/2003;0.000669451
06/11/2003;0.00066643
07/11/2003;0.000665087
10/11/2003;0.000660719
11/11/2003;0.000660383
12/11/2003;0.000658365
13/11/2003;0.000657692
14/11/2003;0.000655673
17/11/2003;0.000652305
18/11/2003;0.00065062
19/11/2003;0.000644549
20/11/2003;0.000624921
21/11/2003;0.000624582
24/11/2003;0.000623564
25/11/2003;0.000623564
26/11/2003;0.000621867
27/11/2003;0.000620848
28/11/2003;0.000620169
01/12/2003;0.000617791
02/12/2003;0.000618131
03/12/2003;0.000615411
04/12/2003;0.000611669
05/12/2003;0.000610988
08/12/2003;0.00060622
09/12/2003;0.000603492
10/12/2003;0.00060281
11/12/2003;0.000600763
12/12/2003;0.000599397
15/12/2003;0.000596665
16/12/2003;0.000594615
17/12/2003;0.000591879
18/12/2003;0.000592905
19/12/2003;0.000593589
22/12/2003;0.000593589
23/12/2003;0.000592905
26/12/2003;0.000594615
29/12/2003;0.000592563
30/12/2003;0.000593247
02/01/2004;0.000592221
05/01/2004;0.000591195
06/01/2004;0.000590511
07/01/2004;0.000588799
08/01/2004;0.000586402
09/01/2004;0.000584689
12/01/2004;0.000582633
13/01/2004;0.000579546
14/01/2004;0.000581604
15/01/2004;0.000580575
16/01/2004;0.000579546
19/01/2004;0.000580232
20/01/2004;0.000580232
21/01/2004;0.000581261
22/01/2004;0.000595298
23/01/2004;0.000595298
26/01/2004;0.000595982
27/01/2004;0.00059564
28/01/2004;0.000596323
29/01/2004;0.000597348
30/01/2004;0.000596665
02/02/2004;0.000595982
03/02/2004;0.00059564
04/02/2004;0.000595298
05/02/2004;0.000594615
06/02/2004;0.000594956
09/02/2004;0.000594273
10/02/2004;0.000593589
11/02/2004;0.000593247
12/02/2004;0.000592563
13/02/2004;0.000593247
16/02/2004;0.000592563
17/02/2004;0.000592563
18/02/2004;0.000592905
19/02/2004;0.000594956
20/02/2004;0.00059564
25/02/2004;0.000592563
26/02/2004;0.00059564
27/02/2004;0.000595982
01/03/2004;0.000594273
02/03/2004;0.00059564
03/03/2004;0.000594956
04/03/2004;0.000594956
05/03/2004;0.000593931
08/03/2004;0.000592905
09/03/2004;0.000593931
10/03/2004;0.000594615
11/03/2004;0.000594273
12/03/2004;0.000593589
15/03/2004;0.000592221
16/03/2004;0.000591537
17/03/2004;0.000590169
18/03/2004;0.000586745
19/03/2004;0.000585717
22/03/2004;0.000585717
23/03/2004;0.00058606
24/03/2004;0.000586745
25/03/2004;0.00058606
26/03/2004;0.00058606
29/03/2004;0.000584347
30/03/2004;0.000584004
31/03/2004;0.000583661
01/04/2004;0.000582976
02/04/2004;0.000582976
05/04/2004;0.000581261
06/04/2004;0.000580575
07/04/2004;0.000582633
08/04/2004;0.000583661
12/04/2004;0.000583661
13/04/2004;0.00058229
14/04/2004;0.000580918
15/04/2004;0.000580232
16/04/2004;0.000579889
19/04/2004;0.00057886
20/04/2004;0.000579203
22/04/2004;0.000579203
23/04/2004;0.000578173
26/04/2004;0.000578517
27/04/2004;0.0005768
28/04/2004;0.000577143
29/04/2004;0.00057783
30/04/2004;0.0005768
03/05/2004;0.000577143
04/05/2004;0.00057577
05/05/2004;0.000575083
06/05/2004;0.000575083
07/05/2004;0.000576113
10/05/2004;0.000579203
11/05/2004;0.000576457
12/05/2004;0.000578173
13/05/2004;0.00057886
14/05/2004;0.000577143
17/05/2004;0.000578173
18/05/2004;0.000576457
19/05/2004;0.000576457
20/05/2004;0.000583661
21/05/2004;0.000586402
24/05/2004;0.000584347
25/05/2004;0.000584004
26/05/2004;0.000585375
27/05/2004;0.000584347
28/05/2004;0.000585032
31/05/2004;0.000585717
01/06/2004;0.000585375
02/06/2004;0.000584004
03/06/2004;0.000584689
04/06/2004;0.000584004
07/06/2004;0.000582976
08/06/2004;0.00058229
09/06/2004;0.000582633
11/06/2004;0.00058229
14/06/2004;0.000583319
15/06/2004;0.000581947
16/06/2004;0.000581604
17/06/2004;0.00058229
18/06/2004;0.000581947
21/06/2004;0.000581947
22/06/2004;0.000581947
23/06/2004;0.000581947
24/06/2004;0.000581261
25/06/2004;0.000581604
28/06/2004;0.000581947
29/06/2004;0.000581604
30/06/2004;0.000581261
01/07/2004;0.000581261
02/07/2004;0.000580575
05/07/2004;0.000580575
06/07/2004;0.000580918
07/07/2004;0.000581261
08/07/2004;0.000582633
12/07/2004;0.00058229
13/07/2004;0.00058229
14/07/2004;0.00058229
15/07/2004;0.00058229
16/07/2004;0.000581947
19/07/2004;0.000581947
20/07/2004;0.000581947
21/07/2004;0.000582976
22/07/2004;0.00058229
23/07/2004;0.000581604
26/07/2004;0.000581261
27/07/2004;0.000581261
28/07/2004;0.000581261
29/07/2004;0.000581604
30/07/2004;0.000583661
02/08/2004;0.000583661
03/08/2004;0.000584004
04/08/2004;0.000585717
05/08/2004;0.00058743
06/08/2004;0.000584347
09/08/2004;0.000585375
10/08/2004;0.000585032
11/08/2004;0.000584689
12/08/2004;0.00058606
13/08/2004;0.000586745
16/08/2004;0.000585717
17/08/2004;0.000585717
18/08/2004;0.000584347
19/08/2004;0.000583661
20/08/2004;0.000583319
23/08/2004;0.000583319
24/08/2004;0.000583661
25/08/2004;0.000584004
26/08/2004;0.000585375
27/08/2004;0.00058743
30/08/2004;0.00058743
31/08/2004;0.000588457
01/09/2004;0.000588799
02/09/2004;0.000589826
03/09/2004;0.000589484
06/09/2004;0.000590511
08/09/2004;0.000592221
09/09/2004;0.000593247
10/09/2004;0.00059564
13/09/2004;0.000596323
14/09/2004;0.000596323
15/09/2004;0.000597348
16/09/2004;0.000595982
17/09/2004;0.000595982
20/09/2004;0.000596665
21/09/2004;0.000597007
22/09/2004;0.000597348
23/09/2004;0.000597348
24/09/2004;0.000597348
27/09/2004;0.00059769
28/09/2004;0.000598373
29/09/2004;0.000598714
30/09/2004;0.000599056
01/10/2004;0.000599056
04/10/2004;0.000599739
05/10/2004;0.000600421
06/10/2004;0.000601104
07/10/2004;0.000601445
08/10/2004;0.000601786
11/10/2004;0.000603492
13/10/2004;0.000604856
14/10/2004;0.000606561
15/10/2004;0.00060622
18/10/2004;0.000607924
19/10/2004;0.000608605
20/10/2004;0.000609286
21/10/2004;0.000616092
22/10/2004;0.000615752
25/10/2004;0.000617451
26/10/2004;0.000618131
27/10/2004;0.00061915
28/10/2004;0.000620169
29/10/2004;0.000620509
01/11/2004;0.000620848
03/11/2004;0.000623564
04/11/2004;0.000625261
05/11/2004;0.000627295
08/11/2004;0.000629329
09/11/2004;0.000629329
10/11/2004;0.000630345
11/11/2004;0.000631362
12/11/2004;0.000632039
16/11/2004;0.000633393
17/11/2004;0.000633393
18/11/2004;0.0006361
19/11/2004;0.000636439
22/11/2004;0.000637453
23/11/2004;0.00063813
24/11/2004;0.000638468
25/11/2004;0.000637792
26/11/2004;0.000636777
29/11/2004;0.000637115
30/11/2004;0.000637453
01/12/2004;0.000637115
02/12/2004;0.000639482
03/12/2004;0.000639144
06/12/2004;0.000640158
07/12/2004;0.000640834
08/12/2004;0.000641847
09/12/2004;0.000641509
10/12/2004;0.000642185
13/12/2004;0.00064286
14/12/2004;0.000644549
15/12/2004;0.000645224
16/12/2004;0.000649609
17/12/2004;0.000648935
20/12/2004;0.000649609
21/12/2004;0.000650283
22/12/2004;0.00065062
23/12/2004;0.00065062
27/12/2004;0.000651968
28/12/2004;0.000652642
29/12/2004;0.000652642
30/12/2004;0.000651631
03/01/2005;0.000653989
04/01/2005;0.000655673
05/01/2005;0.000656009
06/01/2005;0.000657692
07/01/2005;0.000657019
10/01/2005;0.000658028
11/01/2005;0.000659038
12/01/2005;0.000659374
13/01/2005;0.000660383
14/01/2005;0.000661391
17/01/2005;0.00066408
18/01/2005;0.000666766
19/01/2005;0.000667102
20/01/2005;0.000668109
21/01/2005;0.000668109
24/01/2005;0.000668444
26/01/2005;0.00066878
27/01/2005;0.000670792
28/01/2005;0.000673139
31/01/2005;0.000673474
01/02/2005;0.000674144
02/02/2005;0.000676824
03/02/2005;0.000677159
04/02/2005;0.000677159
09/02/2005;0.000679837
10/02/2005;0.00068084
11/02/2005;0.00068084
14/02/2005;0.000684518
15/02/2005;0.000685186
16/02/2005;0.000686523
17/02/2005;0.000685855
18/02/2005;0.000685855
21/02/2005;0.000685855
22/02/2005;0.000686189
23/02/2005;0.000686189
24/02/2005;0.000685521
25/02/2005;0.000685855
28/02/2005;0.000685521
01/03/2005;0.000684518
02/03/2005;0.000686857
03/03/2005;0.000686189
04/03/2005;0.000686189
07/03/2005;0.000686523
08/03/2005;0.000687525
09/03/2005;0.000688193
10/03/2005;0.000689528
11/03/2005;0.000688527
14/03/2005;0.000690529
15/03/2005;0.000691864
16/03/2005;0.000691864
17/03/2005;0.000697864
18/03/2005;0.00069853
21/03/2005;0.000699196
22/03/2005;0.000699196
23/03/2005;0.000699862
24/03/2005;0.000699196
28/03/2005;0.000699862
29/03/2005;0.000699529
30/03/2005;0.000699196
31/03/2005;0.000699196
01/04/2005;0.000700195
04/04/2005;0.000701193
05/04/2005;0.000702192
06/04/2005;0.000701193
07/04/2005;0.000701193
08/04/2005;0.000702857
11/04/2005;0.000703522
12/04/2005;0.000703855
13/04/2005;0.00070319
14/04/2005;0.00070319
15/04/2005;0.000703855
18/04/2005;0.00070319
19/04/2005;0.000703855
20/04/2005;0.000704852
22/04/2005;0.000707512
25/04/2005;0.000707512
26/04/2005;0.000706847
27/04/2005;0.000706515
28/04/2005;0.000707179
29/04/2005;0.000707844
02/05/2005;0.000708176
03/05/2005;0.000708508
04/05/2005;0.000708508
05/05/2005;0.000709173
06/05/2005;0.000709173
09/05/2005;0.000710169
10/05/2005;0.000710833
11/05/2005;0.000710833
12/05/2005;0.000711829
13/05/2005;0.000712493
16/05/2005;0.000712161
17/05/2005;0.000711829
18/05/2005;0.000711829
19/05/2005;0.000716141
20/05/2005;0.00071581
23/05/2005;0.000716473
24/05/2005;0.000716141
25/05/2005;0.00071581
27/05/2005;0.000716141
30/05/2005;0.000715478
31/05/2005;0.000716141
01/06/2005;0.000716473
02/06/2005;0.000716804
03/06/2005;0.000717136
06/06/2005;0.000717467
07/06/2005;0.000717467
08/06/2005;0.000717799
09/06/2005;0.000717467
10/06/2005;0.00071581
13/06/2005;0.00071581
14/06/2005;0.000716141
15/06/2005;0.000716473
16/06/2005;0.000714815
17/06/2005;0.000715147
20/06/2005;0.000715478
21/06/2005;0.000715478
22/06/2005;0.000714815
23/06/2005;0.000715478
24/06/2005;0.000715147
27/06/2005;0.000714815
28/06/2005;0.000715147
29/06/2005;0.000715478
30/06/2005;0.000715147
01/07/2005;0.00071581
04/07/2005;0.000715147
05/07/2005;0.000715478
06/07/2005;0.000715478
07/07/2005;0.000714815
08/07/2005;0.000714815
11/07/2005;0.000714483
12/07/2005;0.000714483
13/07/2005;0.000714483
14/07/2005;0.000714152
15/07/2005;0.00071382
18/07/2005;0.000713156
19/07/2005;0.000713156
20/07/2005;0.000712161
21/07/2005;0.000712493
22/07/2005;0.000713156
25/07/2005;0.000713156
26/07/2005;0.000712493
27/07/2005;0.000711497
28/07/2005;0.000712824
29/07/2005;0.000712824
01/08/2005;0.000711497
02/08/2005;0.000713156
03/08/2005;0.000712493
04/08/2005;0.000712824
05/08/2005;0.000712493
08/08/2005;0.000711829
09/08/2005;0.000711497
10/08/2005;0.000709837
11/08/2005;0.000710833
12/08/2005;0.000710501
15/08/2005;0.000709173
16/08/2005;0.00070884
17/08/2005;0.000708508
18/08/2005;0.000711829
19/08/2005;0.000712493
22/08/2005;0.000711829
23/08/2005;0.000711829
24/08/2005;0.000710833
25/08/2005;0.000710501
26/08/2005;0.000710501
29/08/2005;0.000709837
30/08/2005;0.000710169
31/08/2005;0.000710501
01/09/2005;0.000711497
02/09/2005;0.000710833
05/09/2005;0.000709837
06/09/2005;0.000709173
08/09/2005;0.000707179
09/09/2005;0.000706515
12/09/2005;0.00070585
13/09/2005;0.000705517
14/09/2005;0.000704852
15/09/2005;0.00070452
16/09/2005;0.000704187
19/09/2005;0.000703855
20/09/2005;0.000704187
21/09/2005;0.000702857
22/09/2005;0.000702524
23/09/2005;0.000702192
26/09/2005;0.000702192
27/09/2005;0.000702192
28/09/2005;0.000701526
29/09/2005;0.00070086
30/09/2005;0.000701526
03/10/2005;0.000701193
04/10/2005;0.000700528
05/10/2005;0.000699196
06/10/2005;0.000699196
07/10/2005;0.000697864
10/10/2005;0.000696864
11/10/2005;0.000696198
13/10/2005;0.000695865
14/10/2005;0.000695198
17/10/2005;0.000693531
18/10/2005;0.000692531
19/10/2005;0.000692531
20/10/2005;0.000686189
21/10/2005;0.000685855
24/10/2005;0.000685521
25/10/2005;0.000684852
26/10/2005;0.000684852
27/10/2005;0.000684852
28/10/2005;0.000684852
31/10/2005;0.000684184
01/11/2005;0.000684184
03/11/2005;0.000682178
04/11/2005;0.000682178
07/11/2005;0.000680171
08/11/2005;0.000679502
09/11/2005;0.000676489
10/11/2005;0.000674815
11/11/2005;0.000674144
14/11/2005;0.000673139
16/11/2005;0.000669786
17/11/2005;0.000669115
18/11/2005;0.000667773
21/11/2005;0.000666095
22/11/2005;0.000664751
23/11/2005;0.000663072
24/11/2005;0.000663744
25/11/2005;0.00066408
28/11/2005;0.000663072
29/11/2005;0.000662064
30/11/2005;0.000660383
01/12/2005;0.000660719
02/12/2005;0.000660719
05/12/2005;0.000658365
06/12/2005;0.000657356
07/12/2005;0.000656346
08/12/2005;0.000655336
09/12/2005;0.000653316
12/12/2005;0.000652642
13/12/2005;0.000651631
14/12/2005;0.000649609
15/12/2005;0.000650283
16/12/2005;0.000650283
19/12/2005;0.000650283
20/12/2005;0.000649609
21/12/2005;0.000649272
22/12/2005;0.000649272
23/12/2005;0.000649272
26/12/2005;0.000648935
27/12/2005;0.00064826
28/12/2005;0.000647923
29/12/2005;0.000647248
02/01/2006;0.000646911
03/01/2006;0.000646236
04/01/2006;0.000645224
05/01/2006;0.000644211
06/01/2006;0.000643873
09/01/2006;0.000642523
10/01/2006;0.000640834
11/01/2006;0.000640158
12/01/2006;0.000638806
13/01/2006;0.000637792
16/01/2006;0.000636777
17/01/2006;0.000635085
18/01/2006;0.000635085
19/01/2006;0.000629668
20/01/2006;0.00062899
23/01/2006;0.000629329
24/01/2006;0.000629329
26/01/2006;0.000630345
27/01/2006;0.000630345
30/01/2006;0.000629329
31/01/2006;0.00062899
01/02/2006;0.000627973
02/02/2006;0.000626956
03/02/2006;0.000626956
06/02/2006;0.000625261
07/02/2006;0.000625261
08/02/2006;0.000623904
09/02/2006;0.000623564
10/02/2006;0.000623225
13/02/2006;0.000621188
14/02/2006;0.000620169
15/02/2006;0.00061949
16/02/2006;0.000618471
17/02/2006;0.000617111
20/02/2006;0.000615411
21/02/2006;0.000614391
22/02/2006;0.000614051
23/02/2006;0.000613031
24/02/2006;0.00061235
01/03/2006;0.000611329
02/03/2006;0.000609967
03/03/2006;0.000608945
06/03/2006;0.000606901
07/03/2006;0.000605879
08/03/2006;0.000605538
09/03/2006;0.000604515
10/03/2006;0.000604515
13/03/2006;0.000603492
14/03/2006;0.00060281
15/03/2006;0.000601445
16/03/2006;0.000601786
17/03/2006;0.000601104
20/03/2006;0.000600421
21/03/2006;0.000600763
22/03/2006;0.000600421
23/03/2006;0.000600421
24/03/2006;0.000600763
27/03/2006;0.00060008
28/03/2006;0.000598714
29/03/2006;0.000598031
30/03/2006;0.00059769
31/03/2006;0.000597348
03/04/2006;0.000595298
04/04/2006;0.000593589
05/04/2006;0.000591879
06/04/2006;0.000590511
07/04/2006;0.000590511
10/04/2006;0.000588457
11/04/2006;0.000586745
12/04/2006;0.000584689
13/04/2006;0.000582976
17/04/2006;0.000581261
18/04/2006;0.000579546
19/04/2006;0.000577487
20/04/2006;0.000578173
24/04/2006;0.000578517
25/04/2006;0.000578173
26/04/2006;0.00057783
27/04/2006;0.000577487
28/04/2006;0.000577487
02/05/2006;0.000578173
03/05/2006;0.000577143
04/05/2006;0.0005768
05/05/2006;0.0005768
08/05/2006;0.000575427
09/05/2006;0.000574052
10/05/2006;0.000573021
11/05/2006;0.00057199
12/05/2006;0.00057199
15/05/2006;0.000570615
16/05/2006;0.000569927
17/05/2006;0.000569927
18/05/2006;0.000568551
19/05/2006;0.000568207
22/05/2006;0.000568895
23/05/2006;0.000568895
24/05/2006;0.00057199
25/05/2006;0.000569239
26/05/2006;0.000567175
29/05/2006;0.000566486
30/05/2006;0.000566486
31/05/2006;0.00056442
01/06/2006;0.00056063
02/06/2006;0.000560974
05/06/2006;0.00056063
06/06/2006;0.000560974
07/06/2006;0.00056063
08/06/2006;0.00055994
09/06/2006;0.00055994
12/06/2006;0.000559595
13/06/2006;0.000559595
14/06/2006;0.000559251
16/06/2006;0.000558561
19/06/2006;0.000558216
20/06/2006;0.000558216
21/06/2006;0.000557871
22/06/2006;0.000557871
23/06/2006;0.000557526
26/06/2006;0.000556836
27/06/2006;0.000556491
28/06/2006;0.0005558
29/06/2006;0.0005558
30/06/2006;0.00055511
03/07/2006;0.000554419
04/07/2006;0.000553729
05/07/2006;0.000553729
06/07/2006;0.000553038
07/07/2006;0.000552347
10/07/2006;0.000550619
11/07/2006;0.000549582
12/07/2006;0.000548545
13/07/2006;0.000548545
14/07/2006;0.000547508
17/07/2006;0.000546124
18/07/2006;0.000545778
19/07/2006;0.00054474
20/07/2006;0.000543355
21/07/2006;0.000543355
24/07/2006;0.000542662
25/07/2006;0.00054197
26/07/2006;0.00054197
27/07/2006;0.000542316
28/07/2006;0.000542316
31/07/2006;0.00054197
01/08/2006;0.00054093
02/08/2006;0.00054197
03/08/2006;0.000541623
04/08/2006;0.00054197
07/08/2006;0.00054093
08/08/2006;0.000539891
09/08/2006;0.000540237
10/08/2006;0.000539544
11/08/2006;0.000539891
14/08/2006;0.000538851
15/08/2006;0.000538851
16/08/2006;0.000538158
17/08/2006;0.000537118
18/08/2006;0.000537118
21/08/2006;0.000536424
22/08/2006;0.00053573
23/08/2006;0.000535383
24/08/2006;0.000535036
25/08/2006;0.000533995
28/08/2006;0.000533648
29/08/2006;0.00053226
30/08/2006;0.000531912
31/08/2006;0.000524961
01/09/2006;0.000524961
04/09/2006;0.000524614
05/09/2006;0.000524266
06/09/2006;0.000523918
08/09/2006;0.000523918
11/09/2006;0.00052357
12/09/2006;0.000523222
13/09/2006;0.000522874
14/09/2006;0.000522526
15/09/2006;0.000522178
18/09/2006;0.000521481
19/09/2006;0.000521133
20/09/2006;0.000521133
21/09/2006;0.000521133
22/09/2006;0.000520785
25/09/2006;0.000520089
26/09/2006;0.000520089
27/09/2006;0.00051974
28/09/2006;0.000519044
29/09/2006;0.000518695
02/10/2006;0.000519392
03/10/2006;0.000518347
04/10/2006;0.000517998
05/10/2006;0.000517301
06/10/2006;0.000516953
09/10/2006;0.00051521
10/10/2006;0.000514164
11/10/2006;0.000513466
13/10/2006;0.00051207
16/10/2006;0.000510325
17/10/2006;0.000510325
18/10/2006;0.000509627
19/10/2006;0.000506832
20/10/2006;0.000506832
23/10/2006;0.000507182
24/10/2006;0.000506832
25/10/2006;0.000506133
26/10/2006;0.000506483
27/10/2006;0.000506133
30/10/2006;0.000506483
31/10/2006;0.000506133
01/11/2006;0.000506133
03/11/2006;0.000505784
06/11/2006;0.000505085
07/11/2006;0.000505085
08/11/2006;0.000504735
09/11/2006;0.000503686
10/11/2006;0.000503686
13/11/2006;0.000502637
14/11/2006;0.000501587
16/11/2006;0.000500187
17/11/2006;0.000500537
21/11/2006;0.000499487
22/11/2006;0.000498437
23/11/2006;0.000497737
24/11/2006;0.000497036
27/11/2006;0.000496335
28/11/2006;0.000494934
29/11/2006;0.000494233
30/11/2006;0.000490375
01/12/2006;0.000490726
04/12/2006;0.000490726
05/12/2006;0.000490726
06/12/2006;0.000490375
07/12/2006;0.000490024
08/12/2006;0.000490024
11/12/2006;0.000489673
12/12/2006;0.000489322
13/12/2006;0.000488971
14/12/2006;0.00048862
15/12/2006;0.00048862
18/12/2006;0.000488269
19/12/2006;0.000488269
20/12/2006;0.00048862
21/12/2006;0.00048862
22/12/2006;0.00048862
26/12/2006;0.000487918
27/12/2006;0.000487567
28/12/2006;0.000487918
02/01/2007;0.000488269
03/01/2007;0.000487918
04/01/2007;0.000487567
05/01/2007;0.000487216
08/01/2007;0.000485811
09/01/2007;0.000485811
10/01/2007;0.000485108
11/01/2007;0.000484405
12/01/2007;0.000484054
15/01/2007;0.000483351
16/01/2007;0.000482648
17/01/2007;0.000481242
18/01/2007;0.000480538
19/01/2007;0.000480186
22/01/2007;0.000480186
23/01/2007;0.000479483
24/01/2007;0.000479483
26/01/2007;0.000482648
29/01/2007;0.000481945
30/01/2007;0.000481593
31/01/2007;0.00048089
01/02/2007;0.000481593
02/02/2007;0.000481593
05/02/2007;0.00048089
06/02/2007;0.000480186
07/02/2007;0.000479835
08/02/2007;0.000479483
09/02/2007;0.000478779
12/02/2007;0.000478075
13/02/2007;0.000478075
14/02/2007;0.000477371
15/02/2007;0.000477019
16/02/2007;0.000477019
21/02/2007;0.000475963
22/02/2007;0.000475963
23/02/2007;0.000475611
26/02/2007;0.000474554
27/02/2007;0.000474906
28/02/2007;0.000474906
01/03/2007;0.000474906
02/03/2007;0.000473849
05/03/2007;0.000473145
06/03/2007;0.00047244
07/03/2007;0.000471382
08/03/2007;0.000471735
09/03/2007;0.00047244
12/03/2007;0.000471735
13/03/2007;0.000472087
14/03/2007;0.000471382
15/03/2007;0.00047103
16/03/2007;0.000471382
19/03/2007;0.00047103
20/03/2007;0.00047103
21/03/2007;0.000470677
22/03/2007;0.000470677
23/03/2007;0.000470677
26/03/2007;0.000470324
27/03/2007;0.000470324
28/03/2007;0.000469619
29/03/2007;0.000470324
30/03/2007;0.000469972
02/04/2007;0.000469619
03/04/2007;0.000468561
04/04/2007;0.000467855
05/04/2007;0.000466443
09/04/2007;0.000464325
10/04/2007;0.000465031
11/04/2007;0.000465384
12/04/2007;0.000464678
13/04/2007;0.000464325
16/04/2007;0.000463618
17/04/2007;0.000463265
18/04/2007;0.000462912
19/04/2007;0.000463265
20/04/2007;0.000463618
23/04/2007;0.000463618
24/04/2007;0.000463618
25/04/2007;0.000463618
26/04/2007;0.000463265
27/04/2007;0.000462559
30/04/2007;0.000462559
02/05/2007;0.000462205
03/05/2007;0.000461852
04/05/2007;0.000461852
07/05/2007;0.000460792
08/05/2007;0.000460792
09/05/2007;0.000460438
10/05/2007;0.000460084
11/05/2007;0.000459731
14/05/2007;0.00045867
15/05/2007;0.000457963
16/05/2007;0.000457255
17/05/2007;0.000456547
18/05/2007;0.000456547
21/05/2007;0.00045584
22/05/2007;0.000455132
23/05/2007;0.000454778
24/05/2007;0.000455132
25/05/2007;0.000454424
28/05/2007;0.000453361
29/05/2007;0.000453361
30/05/2007;0.000452653
31/05/2007;0.000451944
01/06/2007;0.000450881
04/06/2007;0.000450527
05/06/2007;0.000449818
06/06/2007;0.000449109
08/06/2007;0.000444498
11/06/2007;0.000444143
12/06/2007;0.000443788
13/06/2007;0.000443078
14/06/2007;0.000442722
15/06/2007;0.000442722
18/06/2007;0.000441657
19/06/2007;0.000441302
20/06/2007;0.000442012
21/06/2007;0.000438104
22/06/2007;0.000441302
25/06/2007;0.000440591
26/06/2007;0.000440591
27/06/2007;0.000440236
28/06/2007;0.000439525
29/06/2007;0.000439881
02/07/2007;0.00043917
03/07/2007;0.000438814
04/07/2007;0.000438459
05/07/2007;0.000437392
06/07/2007;0.000436681
10/07/2007;0.000435614
11/07/2007;0.000434191
12/07/2007;0.000433123
13/07/2007;0.000432055
16/07/2007;0.000431343
17/07/2007;0.000430275
18/07/2007;0.000429206
19/07/2007;0.00042778
20/07/2007;0.000428137
23/07/2007;0.00042778
24/07/2007;0.00042778
25/07/2007;0.000428137
26/07/2007;0.00042778
27/07/2007;0.00042778
30/07/2007;0.00042778
31/07/2007;0.00042778
01/08/2007;0.000427067
02/08/2007;0.00042778
03/08/2007;0.00042778
06/08/2007;0.000427424
07/08/2007;0.000427067
08/08/2007;0.000426711
09/08/2007;0.000426711
10/08/2007;0.000426711
13/08/2007;0.000425998
14/08/2007;0.000425998
15/08/2007;0.000425641
16/08/2007;0.000426711
17/08/2007;0.000425998
20/08/2007;0.000425998
21/08/2007;0.000425641
22/08/2007;0.000424571
23/08/2007;0.000424928
24/08/2007;0.000424214
27/08/2007;0.000423501
28/08/2007;0.000423501
29/08/2007;0.000422787
30/08/2007;0.00042243
31/08/2007;0.000421716
03/09/2007;0.000421002
04/09/2007;0.000421002
05/09/2007;0.000421002
06/09/2007;0.000419217
10/09/2007;0.00041886
11/09/2007;0.000418502
12/09/2007;0.000418145
13/09/2007;0.000418145
14/09/2007;0.000418145
17/09/2007;0.000418502
18/09/2007;0.000417788
19/09/2007;0.00041743
20/09/2007;0.000417788
21/09/2007;0.00041743
24/09/2007;0.00041743
25/09/2007;0.000417073
26/09/2007;0.000417073
27/09/2007;0.00041743
28/09/2007;0.000417073
01/10/2007;0.000417073
02/10/2007;0.000416716
03/10/2007;0.000416358
04/10/2007;0.000416716
05/10/2007;0.00041743
08/10/2007;0.000416716
09/10/2007;0.000416358
10/10/2007;0.000416001
11/10/2007;0.000416001
15/10/2007;0.000416001
16/10/2007;0.000416001
17/10/2007;0.000416358
18/10/2007;0.000418502
19/10/2007;0.00041886
22/10/2007;0.000418502
23/10/2007;0.000418502
24/10/2007;0.000418502
25/10/2007;0.000418502
26/10/2007;0.000418502
29/10/2007;0.000418502
30/10/2007;0.00041886
31/10/2007;0.000419217
01/11/2007;0.000418502
05/11/2007;0.000418502
06/11/2007;0.000418502
07/11/2007;0.000419217
08/11/2007;0.000419217
09/11/2007;0.000419217
12/11/2007;0.00041886
13/11/2007;0.00041886
14/11/2007;0.000419217
16/11/2007;0.000419217
19/11/2007;0.000419574
21/11/2007;0.000419217
22/11/2007;0.00041886
23/11/2007;0.000419217
26/11/2007;0.000419217
27/11/2007;0.000419217
28/11/2007;0.00041886
29/11/2007;0.000419217
30/11/2007;0.00041886
03/12/2007;0.00041886
04/12/2007;0.00041886
05/12/2007;0.000419217
06/12/2007;0.000419217
07/12/2007;0.000419217
10/12/2007;0.000419217
11/12/2007;0.00041886
12/12/2007;0.00041886
13/12/2007;0.000419217
14/12/2007;0.00041886
17/12/2007;0.00041886
18/12/2007;0.00041886
19/12/2007;0.000419217
20/12/2007;0.000419574
21/12/2007;0.000419217
26/12/2007;0.000419931
27/12/2007;0.000419931
28/12/2007;0.000418502
02/01/2008;0.000419217
03/01/2008;0.000418502
04/01/2008;0.00041886
07/01/2008;0.000418145
08/01/2008;0.000418502
09/01/2008;0.000418502
10/01/2008;0.000418502
11/01/2008;0.000419217
14/01/2008;0.000419931
15/01/2008;0.000419217
16/01/2008;0.000419217
17/01/2008;0.000419217
18/01/2008;0.000418502
21/01/2008;0.000419217
22/01/2008;0.00041886
23/01/2008;0.00041886
24/01/2008;0.000418145
28/01/2008;0.000418502
29/01/2008;0.000417788
30/01/2008;0.000418502
31/01/2008;0.000418502
01/02/2008;0.000418502
06/02/2008;0.000419217
07/02/2008;0.00041886
08/02/2008;0.00041886
11/02/2008;0.00041886
12/02/2008;0.000419217
13/02/2008;0.00041886
14/02/2008;0.00041886
15/02/2008;0.000419217
18/02/2008;0.00041886
19/02/2008;0.00041886
20/02/2008;0.000418502
21/02/2008;0.000418502
22/02/2008;0.000418502
25/02/2008;0.00041886
26/02/2008;0.00041886
27/02/2008;0.00041886
28/02/2008;0.000418145
29/02/2008;0.000418502
03/03/2008;0.000418145
04/03/2008;0.00041886
05/03/2008;0.000419217
06/03/2008;0.000418502
07/03/2008;0.000418502
10/03/2008;0.000419217
11/03/2008;0.00041886
12/03/2008;0.000419217
13/03/2008;0.000419574
14/03/2008;0.000420288
17/03/2008;0.000420288
18/03/2008;0.000419931
19/03/2008;0.000420645
20/03/2008;0.000420288
24/03/2008;0.000420645
25/03/2008;0.000421716
26/03/2008;0.000421359
27/03/2008;0.000421716
28/03/2008;0.000422073
31/03/2008;0.000423144
01/04/2008;0.000423144
02/04/2008;0.000423144
03/04/2008;0.000423501
04/04/2008;0.000425641
07/04/2008;0.000426354
08/04/2008;0.000427424
09/04/2008;0.000428493
10/04/2008;0.000428493
11/04/2008;0.000428493
14/04/2008;0.000429206
15/04/2008;0.000430275
16/04/2008;0.000431343
17/04/2008;0.000437037
18/04/2008;0.000436326
22/04/2008;0.000436681
23/04/2008;0.000436326
24/04/2008;0.00043597
25/04/2008;0.00043597
28/04/2008;0.000436326
29/04/2008;0.000435614
30/04/2008;0.000435614
02/05/2008;0.000435258
05/05/2008;0.000437392
06/05/2008;0.000438104
07/05/2008;0.000438459
08/05/2008;0.000439525
09/05/2008;0.000439525
12/05/2008;0.000440591
13/05/2008;0.000441302
14/05/2008;0.000443078
15/05/2008;0.000443433
16/05/2008;0.000443433
19/05/2008;0.000444498
20/05/2008;0.000445917
21/05/2008;0.000446981
23/05/2008;0.0004484
26/05/2008;0.000449109
27/05/2008;0.000450173
28/05/2008;0.000449818
29/05/2008;0.000450173
30/05/2008;0.000451236
02/06/2008;0.000452299
03/06/2008;0.000453361
04/06/2008;0.000454424
05/06/2008;0.000453361
06/06/2008;0.000453361
09/06/2008;0.000453715
10/06/2008;0.000454069
11/06/2008;0.000454778
12/06/2008;0.000454778
13/06/2008;0.00045584
16/06/2008;0.000455486
17/06/2008;0.00045584
18/06/2008;0.00045584
19/06/2008;0.000456193
20/06/2008;0.000456547
23/06/2008;0.000456547
24/06/2008;0.000456901
25/06/2008;0.000456901
26/06/2008;0.000457609
27/06/2008;0.000458316
30/06/2008;0.000458316
01/07/2008;0.000459024
02/07/2008;0.000461145
03/07/2008;0.000461852
04/07/2008;0.000461852
07/07/2008;0.000463265
08/07/2008;0.000463618
10/07/2008;0.000465384
11/07/2008;0.00046609
14/07/2008;0.000468208
15/07/2008;0.000467855
16/07/2008;0.000468208
17/07/2008;0.000469619
18/07/2008;0.00047103
21/07/2008;0.000472792
22/07/2008;0.000473497
23/07/2008;0.000474906
24/07/2008;0.000479483
25/07/2008;0.000479835
28/07/2008;0.000479835
29/07/2008;0.000479835
30/07/2008;0.000479835
31/07/2008;0.000479835
01/08/2008;0.000480186
04/08/2008;0.000481593
05/08/2008;0.000482296
06/08/2008;0.000483351
07/08/2008;0.000484054
08/08/2008;0.000484054
11/08/2008;0.000485108
12/08/2008;0.00048546
13/08/2008;0.000486162
14/08/2008;0.000486865
15/08/2008;0.000487216
18/08/2008;0.00048862
19/08/2008;0.000489673
20/08/2008;0.000490375
21/08/2008;0.000491427
22/08/2008;0.000491778
25/08/2008;0.00049283
26/08/2008;0.000493532
27/08/2008;0.000493882
28/08/2008;0.000494583
29/08/2008;0.000494934
01/09/2008;0.000495284
02/09/2008;0.000496335
03/09/2008;0.000497737
04/09/2008;0.000499837
05/09/2008;0.000499837
08/09/2008;0.000501937
09/09/2008;0.000502987
10/09/2008;0.000504036
11/09/2008;0.000506832
12/09/2008;0.000506832
15/09/2008;0.000507182
16/09/2008;0.000507182
17/09/2008;0.00050788
18/09/2008;0.000507182
19/09/2008;0.000506832
22/09/2008;0.000506832
23/09/2008;0.000508579
24/09/2008;0.00050823
25/09/2008;0.000507182
26/09/2008;0.000507182
29/09/2008;0.000506832
30/09/2008;0.000507531
01/10/2008;0.000507531
02/10/2008;0.000507182
03/10/2008;0.000507182
06/10/2008;0.000509976
07/10/2008;0.000510325
08/10/2008;0.00051207
09/10/2008;0.000510674
10/10/2008;0.000509976
13/10/2008;0.000511023
14/10/2008;0.000511721
15/10/2008;0.000512768
16/10/2008;0.000513815
17/10/2008;0.000513815
20/10/2008;0.000514512
21/10/2008;0.000514861
22/10/2008;0.00051974
23/10/2008;0.000518695
24/10/2008;0.000524614
27/10/2008;0.000517998
28/10/2008;0.00051521
29/10/2008;0.000512419
30/10/2008;0.000509627
31/10/2008;0.000509278
03/11/2008;0.00050823
04/11/2008;0.00050823
05/11/2008;0.00050823
06/11/2008;0.000508579
07/11/2008;0.000507182
10/11/2008;0.000507182
11/11/2008;0.000507531
12/11/2008;0.000507531
13/11/2008;0.00050823
14/11/2008;0.000505434
17/11/2008;0.000502637
18/11/2008;0.000501937
19/11/2008;0.000502287
21/11/2008;0.000500887
24/11/2008;0.000502987
25/11/2008;0.000505434
26/11/2008;0.000505784
27/11/2008;0.000505434
28/11/2008;0.000504385
01/12/2008;0.000504735
02/12/2008;0.000505085
03/12/2008;0.000504036
04/12/2008;0.000503686
05/12/2008;0.000502637
08/12/2008;0.000500537
09/12/2008;0.000500537
10/12/2008;0.000499487
11/12/2008;0.000501937
12/12/2008;0.000501937
15/12/2008;0.000501587
16/12/2008;0.000501937
17/12/2008;0.000500537
18/12/2008;0.000500187
19/12/2008;0.000499837
22/12/2008;0.000499487
23/12/2008;0.000499487
26/12/2008;0.000498437
29/12/2008;0.000498087
30/12/2008;0.000499487
02/01/2009;0.000497036
05/01/2009;0.000498087
06/01/2009;0.000497386
07/01/2009;0.000497036
08/01/2009;0.000494934
09/01/2009;0.00049248
12/01/2009;0.000491778
13/01/2009;0.000490024
14/01/2009;0.000489673
15/01/2009;0.000487216
16/01/2009;0.000485811
19/01/2009;0.000482296
20/01/2009;0.000479835
21/01/2009;0.000477371
22/01/2009;0.000471735
23/01/2009;0.000471735
26/01/2009;0.000472087
27/01/2009;0.000472087
28/01/2009;0.00047244
29/01/2009;0.00047244
30/01/2009;0.00047244
02/02/2009;0.000470324
03/02/2009;0.000469619
04/02/2009;0.000468208
05/02/2009;0.000467855
06/02/2009;0.000467149
09/02/2009;0.000465737
10/02/2009;0.000464678
11/02/2009;0.000463265
12/02/2009;0.000462559
13/02/2009;0.000461852
16/02/2009;0.000460438
17/02/2009;0.00045867
18/02/2009;0.000457963
19/02/2009;0.000456547
20/02/2009;0.000456193
25/02/2009;0.000454424
26/02/2009;0.000451236
27/02/2009;0.000449109
02/03/2009;0.000447336
03/03/2009;0.000446627
04/03/2009;0.000444853
05/03/2009;0.000442012
06/03/2009;0.000438104
09/03/2009;0.000432055
10/03/2009;0.000428493
11/03/2009;0.000421359
12/03/2009;0.000419217
13/03/2009;0.00041886
16/03/2009;0.00041886
17/03/2009;0.000417788
18/03/2009;0.000416358
19/03/2009;0.00041743
20/03/2009;0.000417788
23/03/2009;0.000418145
24/03/2009;0.000419217
25/03/2009;0.000418502
26/03/2009;0.000417788
27/03/2009;0.000418145
30/03/2009;0.000417788
31/03/2009;0.000417073
01/04/2009;0.000416716
02/04/2009;0.000417788
03/04/2009;0.00041743
06/04/2009;0.000413497
07/04/2009;0.000410993
08/04/2009;0.000408486
09/04/2009;0.000406695
13/04/2009;0.000403469
14/04/2009;0.000400958
15/04/2009;0.000398086
16/04/2009;0.000398445
17/04/2009;0.000397727
20/04/2009;0.000395572
22/04/2009;0.000393415
23/04/2009;0.000390898
24/04/2009;0.000390538
27/04/2009;0.000387659
28/04/2009;0.000384417
29/04/2009;0.000382975
30/04/2009;0.000382615
04/05/2009;0.000382254
05/05/2009;0.000381533
06/05/2009;0.000380812
07/05/2009;0.00037973
08/05/2009;0.000379369
11/05/2009;0.000378287
12/05/2009;0.000377565
13/05/2009;0.000377565
14/05/2009;0.000376482
15/05/2009;0.000376482
18/05/2009;0.000374676
19/05/2009;0.000374315
20/05/2009;0.000373231
21/05/2009;0.000373592
22/05/2009;0.000372508
25/05/2009;0.000371424
26/05/2009;0.000369977
27/05/2009;0.000368892
28/05/2009;0.000368892
29/05/2009;0.000367807
01/06/2009;0.000365635
02/06/2009;0.000362376
03/06/2009;0.000360564
04/06/2009;0.000358751
05/06/2009;0.000358751
08/06/2009;0.000358025
09/06/2009;0.000358751
10/06/2009;0.000356574
12/06/2009;0.000344946
15/06/2009;0.000344582
16/06/2009;0.000343854
17/06/2009;0.000344218
18/06/2009;0.00034349
19/06/2009;0.000343126
22/06/2009;0.000342762
23/06/2009;0.000342033
24/06/2009;0.000341669
25/06/2009;0.000340941
26/06/2009;0.000340576
29/06/2009;0.000342033
30/06/2009;0.000342398
01/07/2009;0.000342398
02/07/2009;0.000342033
03/07/2009;0.000341669
06/07/2009;0.000339848
07/07/2009;0.000338754
08/07/2009;0.000338025
10/07/2009;0.000336932
13/07/2009;0.000336567
14/07/2009;0.000334743
15/07/2009;0.000333283
16/07/2009;0.000332553
17/07/2009;0.000331823
20/07/2009;0.000331093
21/07/2009;0.000329632
22/07/2009;0.000328536
23/07/2009;0.00032817
24/07/2009;0.00032817
27/07/2009;0.00032817
28/07/2009;0.000328901
29/07/2009;0.00032817
30/07/2009;0.000328536
31/07/2009;0.00032817
03/08/2009;0.000328901
04/08/2009;0.00032817
05/08/2009;0.00032817
06/08/2009;0.00032817
07/08/2009;0.000328901
10/08/2009;0.000328536
11/08/2009;0.00032817
12/08/2009;0.00032817
13/08/2009;0.000327439
14/08/2009;0.000327439
17/08/2009;0.000327074
18/08/2009;0.000327074
19/08/2009;0.000327074
20/08/2009;0.000327439
21/08/2009;0.000327805
24/08/2009;0.000327439
25/08/2009;0.000327439
26/08/2009;0.000327439
27/08/2009;0.000327439
28/08/2009;0.000327439
31/08/2009;0.000327074
01/09/2009;0.000327074
02/09/2009;0.000327439
03/09/2009;0.00032817
04/09/2009;0.000328536
08/09/2009;0.000328536
09/09/2009;0.000328536
10/09/2009;0.000328536
11/09/2009;0.000328901
14/09/2009;0.000328901
15/09/2009;0.000328901
16/09/2009;0.000328901
17/09/2009;0.000329267
18/09/2009;0.000329267
21/09/2009;0.000329997
22/09/2009;0.000329632
23/09/2009;0.000329997
24/09/2009;0.000329997
25/09/2009;0.000329632
28/09/2009;0.000329267
29/09/2009;0.000329267
30/09/2009;0.000328901
01/10/2009;0.000328536
02/10/2009;0.000328901
05/10/2009;0.000327805
06/10/2009;0.000328536
07/10/2009;0.000329267
08/10/2009;0.000329997
09/10/2009;0.000329267
13/10/2009;0.000329267
14/10/2009;0.000328536
15/10/2009;0.000328901
16/10/2009;0.000328536
19/10/2009;0.000328901
20/10/2009;0.000329267
21/10/2009;0.000329267
22/10/2009;0.00032817
23/10/2009;0.000328536
26/10/2009;0.000328901
27/10/2009;0.000328901
28/10/2009;0.000328536
29/10/2009;0.000328536
30/10/2009;0.000328536
03/11/2009;0.000328536
04/11/2009;0.000328901
05/11/2009;0.000328901
06/11/2009;0.000328901
09/11/2009;0.000328901
10/11/2009;0.000328901
11/11/2009;0.000328901
12/11/2009;0.000329267
13/11/2009;0.000328901
16/11/2009;0.000329267
17/11/2009;0.000329267
18/11/2009;0.000328536
19/11/2009;0.000328536
23/11/2009;0.000328901
24/11/2009;0.000328901
25/11/2009;0.000328536
26/11/2009;0.000329267
27/11/2009;0.000329267
30/11/2009;0.000329267
01/12/2009;0.000328901
02/12/2009;0.000328901
03/12/2009;0.000329267
04/12/2009;0.000329267
07/12/2009;0.000329267
08/12/2009;0.000328901
09/12/2009;0.000329267
10/12/2009;0.000328536
11/12/2009;0.000328901
14/12/2009;0.000328901
15/12/2009;0.000329267
16/12/2009;0.000329267
17/12/2009;0.000328901
18/12/2009;0.000328901
21/12/2009;0.000329267
22/12/2009;0.000328536
23/12/2009;0.000328901
28/12/2009;0.000328536
29/12/2009;0.000329267
30/12/2009;0.000328536
04/01/2010;0.000328901
05/01/2010;0.000329632
06/01/2010;0.000328901
07/01/2010;0.000328536
08/01/2010;0.000328536
11/01/2010;0.000329267
12/01/2010;0.000329632
13/01/2010;0.000329267
14/01/2010;0.000329632
15/01/2010;0.000329632
18/01/2010;0.000329997
19/01/2010;0.000329632
20/01/2010;0.000329997
21/01/2010;0.000329632
22/01/2010;0.000329632
26/01/2010;0.000329632
27/01/2010;0.000330362
28/01/2010;0.000328536
29/01/2010;0.000328901
01/02/2010;0.000328901
02/02/2010;0.000328901
03/02/2010;0.000329267
04/02/2010;0.000329267
05/02/2010;0.000329267
08/02/2010;0.000329267
09/02/2010;0.000329632
10/02/2010;0.000329997
11/02/2010;0.000330362
12/02/2010;0.000329632
17/02/2010;0.000330728
18/02/2010;0.000330728
19/02/2010;0.000331093
22/02/2010;0.000331823
23/02/2010;0.000331823
24/02/2010;0.000332188
25/02/2010;0.000332553
26/02/2010;0.000333283
01/03/2010;0.000333283
02/03/2010;0.000333648
03/03/2010;0.000334378
04/03/2010;0.000333648
05/03/2010;0.000333283
08/03/2010;0.000334013
09/03/2010;0.000334013
10/03/2010;0.000335108
11/03/2010;0.000337296
12/03/2010;0.000336567
15/03/2010;0.000337296
16/03/2010;0.000338025
17/03/2010;0.000335838
18/03/2010;0.000329267
19/03/2010;0.000329267
22/03/2010;0.000329267
23/03/2010;0.000329267
24/03/2010;0.000329267
25/03/2010;0.000329632
26/03/2010;0.000329997
29/03/2010;0.000329632
30/03/2010;0.000329632
31/03/2010;0.000329632
01/04/2010;0.000329997
05/04/2010;0.000331823
06/04/2010;0.000332918
07/04/2010;0.000334378
08/04/2010;0.000335473
09/04/2010;0.000336202
12/04/2010;0.000338025
13/04/2010;0.000339848
14/04/2010;0.000341305
15/04/2010;0.000342398
16/04/2010;0.000342398
19/04/2010;0.000344946
20/04/2010;0.000344946
22/04/2010;0.000345674
23/04/2010;0.000347129
26/04/2010;0.000350037
27/04/2010;0.000350401
28/04/2010;0.000352218
29/04/2010;0.000355486
30/04/2010;0.000355486
03/05/2010;0.000356937
04/05/2010;0.000358388
05/05/2010;0.000358388
06/05/2010;0.000358751
07/05/2010;0.000359113
10/05/2010;0.000360926
11/05/2010;0.000362013
12/05/2010;0.0003631
13/05/2010;0.000364187
14/05/2010;0.000364187
17/05/2010;0.000365635
18/05/2010;0.000366359
19/05/2010;0.000367083
20/05/2010;0.000367807
21/05/2010;0.000368169
24/05/2010;0.000369254
25/05/2010;0.000369254
26/05/2010;0.000370339
27/05/2010;0.000372147
28/05/2010;0.000372508
31/05/2010;0.000373231
01/06/2010;0.000374315
02/06/2010;0.000376482
04/06/2010;0.000377565
07/06/2010;0.000380091
08/06/2010;0.000381894
09/06/2010;0.000383696
10/06/2010;0.000385858
11/06/2010;0.000385858
14/06/2010;0.000386218
15/06/2010;0.000387298
16/06/2010;0.000387298
17/06/2010;0.000387659
18/06/2010;0.000387659
21/06/2010;0.000388019
22/06/2010;0.000388379
23/06/2010;0.000389098
24/06/2010;0.000389098
25/06/2010;0.000389458
28/06/2010;0.000390178
29/06/2010;0.000390898
30/06/2010;0.000390898
01/07/2010;0.000391617
02/07/2010;0.000390898
05/07/2010;0.000393055
06/07/2010;0.000394853
07/07/2010;0.000395572
08/07/2010;0.000397009
12/07/2010;0.000398804
13/07/2010;0.00040024
14/07/2010;0.000400958
15/07/2010;0.000402034
16/07/2010;0.000401675
19/07/2010;0.000402393
20/07/2010;0.000402034
21/07/2010;0.00040311
22/07/2010;0.000401317
23/07/2010;0.000401317
26/07/2010;0.000401317
27/07/2010;0.000401317
28/07/2010;0.000401317
29/07/2010;0.000400958
30/07/2010;0.000400958
02/08/2010;0.000400958
03/08/2010;0.000401675
04/08/2010;0.000402034
05/08/2010;0.000402034
06/08/2010;0.000402034
09/08/2010;0.000402034
10/08/2010;0.000402393
11/08/2010;0.000402752
12/08/2010;0.000402752
13/08/2010;0.000402752
16/08/2010;0.000402752
17/08/2010;0.000402752
18/08/2010;0.000402752
19/08/2010;0.000402034
20/08/2010;0.000401675
23/08/2010;0.000402034
24/08/2010;0.000402034
25/08/2010;0.000401675
26/08/2010;0.000402034
27/08/2010;0.000402393
30/08/2010;0.000402393
31/08/2010;0.000402034
01/09/2010;0.000402034
02/09/2010;0.000401317
03/09/2010;0.000401317
06/09/2010;0.000401317
08/09/2010;0.000400599
09/09/2010;0.000400958
10/09/2010;0.000400958
13/09/2010;0.000400599
14/09/2010;0.000400958
15/09/2010;0.000400599
16/09/2010;0.000400599
17/09/2010;0.000400958
20/09/2010;0.000400599
21/09/2010;0.000400599
22/09/2010;0.000400958
23/09/2010;0.000400599
24/09/2010;0.000400599
27/09/2010;0.000400958
28/09/2010;0.000400958
29/09/2010;0.000400958
30/09/2010;0.000401317
01/10/2010;0.000401317
04/10/2010;0.000400958
05/10/2010;0.000401317
06/10/2010;0.000401317
07/10/2010;0.000400599
08/10/2010;0.000400958
11/10/2010;0.000400958
13/10/2010;0.000400599
14/10/2010;0.000400958
15/10/2010;0.000400958
18/10/2010;0.000400958
19/10/2010;0.000400958
20/10/2010;0.000400958
21/10/2010;0.000401317
22/10/2010;0.000401317
25/10/2010;0.000401675
26/10/2010;0.000401317
27/10/2010;0.000401317
28/10/2010;0.000401317
29/10/2010;0.000401675
01/11/2010;0.000401675
03/11/2010;0.000401317
04/11/2010;0.000401317
05/11/2010;0.000401675
08/11/2010;0.000401675
09/11/2010;0.000401317
10/11/2010;0.000401317
11/11/2010;0.000401675
12/11/2010;0.000401675
16/11/2010;0.000402034
17/11/2010;0.000402034
18/11/2010;0.000402034
19/11/2010;0.000402393
22/11/2010;0.000402752
23/11/2010;0.00040311
24/11/2010;0.00040311
25/11/2010;0.000403469
26/11/2010;0.00040562
29/11/2010;0.000404545
30/11/2010;0.000403827
01/12/2010;0.000405978
02/12/2010;0.000408486
03/12/2010;0.00040311
06/12/2010;0.000404186
07/12/2010;0.000404186
08/12/2010;0.00040562
09/12/2010;0.000402393
10/12/2010;0.000402752
13/12/2010;0.000402752
14/12/2010;0.000402752
15/12/2010;0.00040311
16/12/2010;0.00040311
17/12/2010;0.000403469
20/12/2010;0.000403827
21/12/2010;0.000404545
22/12/2010;0.000405262
23/12/2010;0.000405262
27/12/2010;0.00040562
28/12/2010;0.000405262
29/12/2010;0.000406337
30/12/2010;0.000405978
03/01/2011;0.000408128
04/01/2011;0.000408844
05/01/2011;0.000409919
06/01/2011;0.000410635
07/01/2011;0.000411351
10/01/2011;0.000412424
11/01/2011;0.000412782
12/01/2011;0.000414213
13/01/2011;0.000415286
14/01/2011;0.000416358
17/01/2011;0.000417788
18/01/2011;0.000418145
19/01/2011;0.000419574
20/01/2011;0.000419217
21/01/2011;0.000419217
24/01/2011;0.000419217
26/01/2011;0.000419217
27/01/2011;0.000419217
28/01/2011;0.000419217
31/01/2011;0.000420288
01/02/2011;0.000421002
02/02/2011;0.000421716
03/02/2011;0.00042243
04/02/2011;0.00042243
07/02/2011;0.000422787
08/02/2011;0.000423501
09/02/2011;0.000424214
10/02/2011;0.000424928
11/02/2011;0.000425285
14/02/2011;0.000427067
15/02/2011;0.00042778
16/02/2011;0.000428493
17/02/2011;0.000429562
18/02/2011;0.000429918
21/02/2011;0.000431699
22/02/2011;0.000432767
23/02/2011;0.000434191
24/02/2011;0.000437037
25/02/2011;0.000437037
28/02/2011;0.000436326
01/03/2011;0.000436681
02/03/2011;0.000437748
03/03/2011;0.000437748
04/03/2011;0.000437748
09/03/2011;0.000438814
10/03/2011;0.000438459
11/03/2011;0.000438459
14/03/2011;0.000438814
15/03/2011;0.000438814
16/03/2011;0.00043917
17/03/2011;0.00043917
18/03/2011;0.00043917
21/03/2011;0.00043917
22/03/2011;0.00043917
23/03/2011;0.000439525
24/03/2011;0.000439881
25/03/2011;0.000439881
28/03/2011;0.000440236
29/03/2011;0.000440591
30/03/2011;0.000439881
31/03/2011;0.000439881
01/04/2011;0.000440591
04/04/2011;0.000441302
05/04/2011;0.000442367
06/04/2011;0.000442722
07/04/2011;0.000443078
08/04/2011;0.000443433
11/04/2011;0.000445562
12/04/2011;0.000445562
13/04/2011;0.000446272
14/04/2011;0.000445562
15/04/2011;0.000446627
18/04/2011;0.000447691
19/04/2011;0.000447691
20/04/2011;0.0004484
25/04/2011;0.000446272
26/04/2011;0.000446272
27/04/2011;0.000446272
28/04/2011;0.000446272
29/04/2011;0.000446272
02/05/2011;0.000446272
03/05/2011;0.000446627
04/05/2011;0.000446981
05/05/2011;0.000446981
06/05/2011;0.000446981
09/05/2011;0.000447691
10/05/2011;0.000447691
11/05/2011;0.0004484
12/05/2011;0.0004484
13/05/2011;0.0004484
16/05/2011;0.000448755
17/05/2011;0.000448755
18/05/2011;0.000449109
19/05/2011;0.000449464
20/05/2011;0.000449818
23/05/2011;0.000450173
24/05/2011;0.000450527
25/05/2011;0.000450881
26/05/2011;0.000450881
27/05/2011;0.000450881
30/05/2011;0.000451236
31/05/2011;0.00045159
01/06/2011;0.000451944
02/06/2011;0.000452653
03/06/2011;0.000453007
06/06/2011;0.000453715
07/06/2011;0.000454424
08/06/2011;0.000455132
09/06/2011;0.00045584
10/06/2011;0.000455132
13/06/2011;0.000455486
14/06/2011;0.000455486
15/06/2011;0.00045584
16/06/2011;0.00045584
17/06/2011;0.00045584
20/06/2011;0.000456193
21/06/2011;0.000456547
22/06/2011;0.000456193
24/06/2011;0.000456901
27/06/2011;0.000456901
28/06/2011;0.000456901
29/06/2011;0.000456901
30/06/2011;0.000457255
01/07/2011;0.000457255
04/07/2011;0.000458316
05/07/2011;0.00045867
06/07/2011;0.000459377
07/07/2011;0.000459731
08/07/2011;0.000460084
11/07/2011;0.000460084
12/07/2011;0.000460438
13/07/2011;0.000461145
14/07/2011;0.000461145
15/07/2011;0.000461498
18/07/2011;0.000462205
19/07/2011;0.000462912
20/07/2011;0.000464325
21/07/2011;0.000463972
22/07/2011;0.000463972
25/07/2011;0.000464325
26/07/2011;0.000463618
27/07/2011;0.000463972
28/07/2011;0.000463972
29/07/2011;0.000463972
01/08/2011;0.000463972
02/08/2011;0.000463972
03/08/2011;0.000463265
04/08/2011;0.000463265
05/08/2011;0.000463265
08/08/2011;0.000460792
09/08/2011;0.000462912
10/08/2011;0.000463265
11/08/2011;0.000463265
12/08/2011;0.000462912
15/08/2011;0.000462912
16/08/2011;0.000463265
17/08/2011;0.000463265
18/08/2011;0.000461852
19/08/2011;0.000461852
22/08/2011;0.000462205
23/08/2011;0.000462205
24/08/2011;0.000461498
25/08/2011;0.000461852
26/08/2011;0.000460084
29/08/2011;0.000459024
30/08/2011;0.000459377
31/08/2011;0.000460084
01/09/2011;0.000446272
02/09/2011;0.000445917
05/09/2011;0.000444498
06/09/2011;0.000444498
08/09/2011;0.000443788
09/09/2011;0.000443788
12/09/2011;0.000442367
13/09/2011;0.000442367
14/09/2011;0.000442367
15/09/2011;0.000441657
16/09/2011;0.000441302
19/09/2011;0.000440591
20/09/2011;0.000440947
21/09/2011;0.000440591
22/09/2011;0.000439525
23/09/2011;0.000438104
26/09/2011;0.000435614
27/09/2011;0.000437748
28/09/2011;0.000437392
29/09/2011;0.000437037
30/09/2011;0.000437037
03/10/2011;0.000434903
04/10/2011;0.000435258
05/10/2011;0.000434547
06/10/2011;0.000434191
07/10/2011;0.000433835
10/10/2011;0.000432767
11/10/2011;0.000432055
13/10/2011;0.000430987
14/10/2011;0.000430631
17/10/2011;0.000429918
18/10/2011;0.000428493
19/10/2011;0.00042778
20/10/2011;0.000427424
21/10/2011;0.00042778
24/10/2011;0.00042778
25/10/2011;0.00042778
26/10/2011;0.00042778
27/10/2011;0.000428137
28/10/2011;0.000428493
31/10/2011;0.000428493
01/11/2011;0.000428493
03/11/2011;0.000426354
04/11/2011;0.000426354
07/11/2011;0.000424571
08/11/2011;0.000423501
09/11/2011;0.000421359
10/11/2011;0.000421002
11/11/2011;0.000421002
14/11/2011;0.00041886
16/11/2011;0.000417788
17/11/2011;0.000417073
18/11/2011;0.000416358
21/11/2011;0.000415286
22/11/2011;0.000414928
23/11/2011;0.00041314
24/11/2011;0.000409919
25/11/2011;0.000412066
28/11/2011;0.000410993
29/11/2011;0.000410277
30/11/2011;0.000408844
01/12/2011;0.000409561
02/12/2011;0.000409203
05/12/2011;0.000408844
06/12/2011;0.000408486
07/12/2011;0.000408128
08/12/2011;0.00040777
09/12/2011;0.00040777
12/12/2011;0.000406695
13/12/2011;0.00040562
14/12/2011;0.00040562
15/12/2011;0.000405262
16/12/2011;0.000404903
19/12/2011;0.000404903
20/12/2011;0.000404545
21/12/2011;0.000404545
22/12/2011;0.000404545
23/12/2011;0.000404545
26/12/2011;0.000405262
27/12/2011;0.000403469
28/12/2011;0.00040311
29/12/2011;0.00040311
02/01/2012;0.000402752
03/01/2012;0.000401675
04/01/2012;0.000401317
05/01/2012;0.00040024
06/01/2012;0.000399163
09/01/2012;0.000398086
10/01/2012;0.000397368
11/01/2012;0.000396649
12/01/2012;0.000395931
13/01/2012;0.000395212
16/01/2012;0.000393775
17/01/2012;0.000393415
18/01/2012;0.000392336
19/01/2012;0.000390898
20/01/2012;0.000389818
23/01/2012;0.000390178
24/01/2012;0.000390178
26/01/2012;0.000390538
27/01/2012;0.000390178
30/01/2012;0.000389458
31/01/2012;0.000389818
01/02/2012;0.000389098
02/02/2012;0.000388739
03/02/2012;0.000388739
06/02/2012;0.000387659
07/02/2012;0.000386578
08/02/2012;0.000385858
09/02/2012;0.000385137
10/02/2012;0.000384777
13/02/2012;0.000383336
14/02/2012;0.000382254
15/02/2012;0.000380812
16/02/2012;0.00037973
17/02/2012;0.000379369
22/02/2012;0.000378287
23/02/2012;0.000377565
24/02/2012;0.000377204
27/02/2012;0.000376843
28/02/2012;0.000376121
29/02/2012;0.000375398
01/03/2012;0.000373954
02/03/2012;0.000371062
05/03/2012;0.000369254
06/03/2012;0.000366721
07/03/2012;0.000364549
08/03/2012;0.000359476
09/03/2012;0.000360201
12/03/2012;0.000359476
13/03/2012;0.0003573
14/03/2012;0.000356574
15/03/2012;0.000356211
16/03/2012;0.000356574
19/03/2012;0.000356574
20/03/2012;0.000355849
21/03/2012;0.00035476
22/03/2012;0.000354397
23/03/2012;0.00035367
26/03/2012;0.000354397
27/03/2012;0.00035367
28/03/2012;0.000353307
29/03/2012;0.000352581
30/03/2012;0.000352218
02/04/2012;0.000351491
03/04/2012;0.000350037
04/04/2012;0.000347129
05/04/2012;0.000346037
09/04/2012;0.000344946
10/04/2012;0.000343854
11/04/2012;0.000342398
12/04/2012;0.000340576
13/04/2012;0.000338754
16/04/2012;0.000338025
17/04/2012;0.000336202
18/04/2012;0.000334378
19/04/2012;0.000332188
20/04/2012;0.000332553
23/04/2012;0.000332553
24/04/2012;0.000332553
25/04/2012;0.000332553
26/04/2012;0.000332918
27/04/2012;0.000332188
30/04/2012;0.000332188
02/05/2012;0.000332553
03/05/2012;0.000331823
04/05/2012;0.000331823
07/05/2012;0.000329267
08/05/2012;0.00032817
09/05/2012;0.00032817
10/05/2012;0.000327439
11/05/2012;0.000326343
14/05/2012;0.000324148
15/05/2012;0.000322319
16/05/2012;0.000321221
17/05/2012;0.000321587
18/05/2012;0.000320855
21/05/2012;0.000320488
22/05/2012;0.00031939
23/05/2012;0.000319024
24/05/2012;0.000320122
25/05/2012;0.00031939
28/05/2012;0.000319756
29/05/2012;0.000317192
30/05/2012;0.000316459
31/05/2012;0.000317192
01/06/2012;0.000317925
04/06/2012;0.000316825
05/06/2012;0.000316459
06/06/2012;0.000316825
08/06/2012;0.000315726
11/06/2012;0.000314626
12/06/2012;0.000313892
13/06/2012;0.000313159
14/06/2012;0.000312058
15/06/2012;0.000312792
18/06/2012;0.000312058
19/06/2012;0.000311691
20/06/2012;0.000310957
21/06/2012;0.000310957
22/06/2012;0.000310223
25/06/2012;0.000308754
26/06/2012;0.000308754
27/06/2012;0.000308387
28/06/2012;0.000308387
29/06/2012;0.000307652
02/07/2012;0.000307285
03/07/2012;0.000306917
04/07/2012;0.000306183
05/07/2012;0.000304712
06/07/2012;0.000303242
10/07/2012;0.000301403
11/07/2012;0.000300299
12/07/2012;0.000299194
13/07/2012;0.000299563
16/07/2012;0.000299563
17/07/2012;0.000299563
18/07/2012;0.000299194
19/07/2012;0.000298826
20/07/2012;0.000299194
23/07/2012;0.000298458
24/07/2012;0.000298458
25/07/2012;0.00029809
26/07/2012;0.00029809
27/07/2012;0.000297722
30/07/2012;0.00029809
31/07/2012;0.000297722
01/08/2012;0.000297722
02/08/2012;0.000297353
03/08/2012;0.000297353
06/08/2012;0.000295143
07/08/2012;0.000295143
08/08/2012;0.000294406
09/08/2012;0.000294037
10/08/2012;0.000293669
13/08/2012;0.000292563
14/08/2012;0.000291456
15/08/2012;0.000291088
16/08/2012;0.000290719
17/08/2012;0.000289981
20/08/2012;0.000288874
21/08/2012;0.000288136
22/08/2012;0.000287397
23/08/2012;0.000286289
24/08/2012;0.000286659
27/08/2012;0.000284812
28/08/2012;0.000283703
29/08/2012;0.000282595
30/08/2012;0.000281116
31/08/2012;0.000281485
03/09/2012;0.000280746
04/09/2012;0.000280746
05/09/2012;0.000280746
06/09/2012;0.000281116
10/09/2012;0.000281485
11/09/2012;0.000281116
12/09/2012;0.000281116
13/09/2012;0.000280006
14/09/2012;0.000280746
17/09/2012;0.000280746
18/09/2012;0.000280746
19/09/2012;0.000280006
20/09/2012;0.000280006
21/09/2012;0.000280376
24/09/2012;0.000279266
25/09/2012;0.000278896
26/09/2012;0.000278896
27/09/2012;0.000279636
28/09/2012;0.000279266
01/10/2012;0.000278896
02/10/2012;0.000277786
03/10/2012;0.000277416
04/10/2012;0.000277046
05/10/2012;0.000275195
08/10/2012;0.000274824
09/10/2012;0.000274454
10/10/2012;0.000273713
11/10/2012;0.000272601
15/10/2012;0.00027186
16/10/2012;0.000272231
17/10/2012;0.00027186
18/10/2012;0.00027186
19/10/2012;0.000272231
22/10/2012;0.00027186
23/10/2012;0.000272601
24/10/2012;0.000272601
25/10/2012;0.000273342
26/10/2012;0.000272972
29/10/2012;0.000272601
30/10/2012;0.000272231
31/10/2012;0.000272231
01/11/2012;0.000272231
05/11/2012;0.000272972
06/11/2012;0.000273342
07/11/2012;0.000272601
08/11/2012;0.000273342
09/11/2012;0.000272972
12/11/2012;0.000272601
13/11/2012;0.000272601
14/11/2012;0.000272231
16/11/2012;0.000272231
19/11/2012;0.000272972
21/11/2012;0.000271489
22/11/2012;0.000270748
23/11/2012;0.000271119
26/11/2012;0.000271489
27/11/2012;0.00027186
28/11/2012;0.000272601
29/11/2012;0.000272231
30/11/2012;0.000272231
03/12/2012;0.000272601
04/12/2012;0.000271489
05/12/2012;0.000272231
06/12/2012;0.000271119
07/12/2012;0.000271489
10/12/2012;0.000271119
11/12/2012;0.000271119
12/12/2012;0.000270377
13/12/2012;0.000269635
14/12/2012;0.000269635
17/12/2012;0.000269265
18/12/2012;0.00026741
19/12/2012;0.00026741
20/12/2012;0.000268523
21/12/2012;0.000268894
26/12/2012;0.000267781
27/12/2012;0.00026741
28/12/2012;0.000267781
02/01/2013;0.000267781
03/01/2013;0.000267781
04/01/2013;0.000267039
07/01/2013;0.000267039
08/01/2013;0.00026741
09/01/2013;0.000266667
10/01/2013;0.000265925
11/01/2013;0.000266296
14/01/2013;0.000265925
15/01/2013;0.000266296
16/01/2013;0.000268523
17/01/2013;0.000267781
18/01/2013;0.000268152
21/01/2013;0.00026741
22/01/2013;0.000268152
23/01/2013;0.00026741
24/01/2013;0.000267781
28/01/2013;0.00026741
29/01/2013;0.000267039
30/01/2013;0.00026741
31/01/2013;0.000268152
01/02/2013;0.000267781
04/02/2013;0.000268152
05/02/2013;0.000267781
06/02/2013;0.000267781
07/02/2013;0.000268894
08/02/2013;0.000268152
13/02/2013;0.000268152
14/02/2013;0.000268152
15/02/2013;0.000268523
18/02/2013;0.000269265
19/02/2013;0.000268894
20/02/2013;0.000268523
21/02/2013;0.000268523
22/02/2013;0.000270006
25/02/2013;0.000269265
26/02/2013;0.000270748
27/02/2013;0.000270006
28/02/2013;0.000270006
01/03/2013;0.000269265
04/03/2013;0.000269265
05/03/2013;0.000270006
06/03/2013;0.000270006
07/03/2013;0.000269265
08/03/2013;0.000269635
11/03/2013;0.000269265
12/03/2013;0.000269635
13/03/2013;0.000270377
14/03/2013;0.000270006
15/03/2013;0.000270006
18/03/2013;0.000269635
19/03/2013;0.000269265
20/03/2013;0.000269265
21/03/2013;0.000269635
22/03/2013;0.000269265
25/03/2013;0.000269635
26/03/2013;0.000269265
27/03/2013;0.000268894
28/03/2013;0.000269265
01/04/2013;0.000270006
02/04/2013;0.000270377
03/04/2013;0.000271489
04/04/2013;0.000271119
05/04/2013;0.000271119
08/04/2013;0.00027186
09/04/2013;0.000272972
10/04/2013;0.000273342
11/04/2013;0.000274454
12/04/2013;0.000280006
15/04/2013;0.000282595
16/04/2013;0.000284073
17/04/2013;0.000284442
18/04/2013;0.000278526
19/04/2013;0.000278896
22/04/2013;0.000278526
23/04/2013;0.000278156
24/04/2013;0.000277786
25/04/2013;0.000278526
26/04/2013;0.000278156
29/04/2013;0.000278156
30/04/2013;0.000277786
02/05/2013;0.000278156
03/05/2013;0.000277416
06/05/2013;0.000279266
07/05/2013;0.000279636
08/05/2013;0.000280006
09/05/2013;0.000281485
10/05/2013;0.000281855
13/05/2013;0.000282225
14/05/2013;0.000283334
15/05/2013;0.000283703
16/05/2013;0.000284812
17/05/2013;0.000285181
20/05/2013;0.000286289
21/05/2013;0.000286659
22/05/2013;0.000287397
23/05/2013;0.000287766
24/05/2013;0.000288505
27/05/2013;0.000289612
28/05/2013;0.000289612
29/05/2013;0.000289243
31/05/2013;0.000295143
03/06/2013;0.000296248
04/06/2013;0.000296617
05/06/2013;0.000297353
06/06/2013;0.00029809
07/06/2013;0.000298458
10/06/2013;0.000299563
11/06/2013;0.000300299
12/06/2013;0.000301035
13/06/2013;0.000301403
14/06/2013;0.00030177
17/06/2013;0.000303242
18/06/2013;0.000304345
19/06/2013;0.00030508
20/06/2013;0.000306917
21/06/2013;0.000307652
24/06/2013;0.000307652
25/06/2013;0.000308387
26/06/2013;0.000308754
27/06/2013;0.000308754
28/06/2013;0.000309489
01/07/2013;0.000310223
02/07/2013;0.000309489
03/07/2013;0.00031059
04/07/2013;0.000311324
05/07/2013;0.000312058
08/07/2013;0.000312425
10/07/2013;0.000314626
11/07/2013;0.000314259
12/07/2013;0.000314259
15/07/2013;0.000314259
16/07/2013;0.000314626
17/07/2013;0.000314626
18/07/2013;0.000314992
19/07/2013;0.000314626
22/07/2013;0.000314626
23/07/2013;0.000314992
24/07/2013;0.000314626
25/07/2013;0.000314626
26/07/2013;0.000315359
29/07/2013;0.000315726
30/07/2013;0.000314992
31/07/2013;0.000315359
01/08/2013;0.000315359
02/08/2013;0.000316092
05/08/2013;0.000317925
06/08/2013;0.000318291
07/08/2013;0.000319024
08/08/2013;0.000319756
09/08/2013;0.000319756
12/08/2013;0.000321587
13/08/2013;0.000323051
14/08/2013;0.000323783
15/08/2013;0.000324514
16/08/2013;0.000326708
19/08/2013;0.00032817
20/08/2013;0.000326708
21/08/2013;0.00032817
22/08/2013;0.000329632
23/08/2013;0.000329632
26/08/2013;0.000330362
27/08/2013;0.000331093
28/08/2013;0.000331823
29/08/2013;0.000332188
30/08/2013;0.000332553
02/09/2013;0.000332918
03/09/2013;0.000333648
04/09/2013;0.000334378
05/09/2013;0.000334378
06/09/2013;0.000335108
09/09/2013;0.000335838
10/09/2013;0.000336202
11/09/2013;0.000337296
12/09/2013;0.000338025
13/09/2013;0.000337661
16/09/2013;0.000339119
17/09/2013;0.000339483
18/09/2013;0.000339483
19/09/2013;0.000339483
20/09/2013;0.000340212
23/09/2013;0.000340941
24/09/2013;0.000340941
25/09/2013;0.000341305
26/09/2013;0.00034349
27/09/2013;0.000344946
30/09/2013;0.000346401
01/10/2013;0.000347129
02/10/2013;0.000347856
03/10/2013;0.00034822
04/10/2013;0.000349311
07/10/2013;0.000350401
08/10/2013;0.000352218
09/10/2013;0.000352944
10/10/2013;0.000355123
11/10/2013;0.000355123
14/10/2013;0.000354397
15/10/2013;0.000355123
16/10/2013;0.000355486
17/10/2013;0.000355849
18/10/2013;0.000355849
21/10/2013;0.000355849
22/10/2013;0.000355849
23/10/2013;0.000355849
24/10/2013;0.000355486
25/10/2013;0.000355849
28/10/2013;0.000355123
29/10/2013;0.000355849
30/10/2013;0.000355849
31/10/2013;0.000355849
01/11/2013;0.000356937
04/11/2013;0.000358025
05/11/2013;0.000357663
06/11/2013;0.000358025
07/11/2013;0.000358751
08/11/2013;0.000359476
11/11/2013;0.000361289
12/11/2013;0.000361651
13/11/2013;0.000362376
14/11/2013;0.0003631
18/11/2013;0.000363825
19/11/2013;0.000364911
21/11/2013;0.000366721
22/11/2013;0.000367083
25/11/2013;0.000368169
26/11/2013;0.000368531
27/11/2013;0.000369254
28/11/2013;0.000370339
29/11/2013;0.000370339
02/12/2013;0.000370701
03/12/2013;0.000370339
04/12/2013;0.000371062
05/12/2013;0.000371424
06/12/2013;0.000371424
09/12/2013;0.000372147
10/12/2013;0.000373231
11/12/2013;0.00037287
12/12/2013;0.00037287
13/12/2013;0.000373231
16/12/2013;0.000373231
17/12/2013;0.000373954
18/12/2013;0.000373954
19/12/2013;0.000374315
20/12/2013;0.000375037
23/12/2013;0.00037576
26/12/2013;0.000377204
27/12/2013;0.000376843
30/12/2013;0.000377204
02/01/2014;0.000378287
03/01/2014;0.000377926
06/01/2014;0.000378287
07/01/2014;0.000379008
08/01/2014;0.00037973
09/01/2014;0.000380091
10/01/2014;0.000381173
13/01/2014;0.000383336
14/01/2014;0.000384057
15/01/2014;0.000383696
16/01/2014;0.000389098
17/01/2014;0.000388739
20/01/2014;0.000389818
21/01/2014;0.000390178
22/01/2014;0.000390178
23/01/2014;0.000389818
24/01/2014;0.000389818
27/01/2014;0.000390178
28/01/2014;0.000390538
29/01/2014;0.000391257
30/01/2014;0.000391257
31/01/2014;0.000391617
03/02/2014;0.000391617
04/02/2014;0.000392336
05/02/2014;0.000393055
06/02/2014;0.000393775
07/02/2014;0.000393055
10/02/2014;0.000394493
11/02/2014;0.000395212
12/02/2014;0.000395931
13/02/2014;0.000396649
14/02/2014;0.00039629
17/02/2014;0.000396649
18/02/2014;0.000396649
19/02/2014;0.000397368
20/02/2014;0.000397727
21/02/2014;0.000398086
24/02/2014;0.000398804
25/02/2014;0.000399522
26/02/2014;0.000399881
27/02/2014;0.000398804
28/02/2014;0.000398804
05/03/2014;0.000399881
06/03/2014;0.000399881
07/03/2014;0.000399881
10/03/2014;0.000400599
11/03/2014;0.000400958
12/03/2014;0.000401317
13/03/2014;0.000401675
14/03/2014;0.000401675
17/03/2014;0.000402752
18/03/2014;0.00040311
19/03/2014;0.000403827
20/03/2014;0.000403827
21/03/2014;0.000403827
24/03/2014;0.000404545
25/03/2014;0.000405978
26/03/2014;0.000404903
27/03/2014;0.00040562
28/03/2014;0.00040562
31/03/2014;0.00040562
01/04/2014;0.000405978
02/04/2014;0.000406337
03/04/2014;0.000407412
04/04/2014;0.000407412
07/04/2014;0.000407412
08/04/2014;0.000407412
09/04/2014;0.000407412
10/04/2014;0.000407412
11/04/2014;0.000407412
14/04/2014;0.000407412
15/04/2014;0.000407412
16/04/2014;0.000407412
17/04/2014;0.00040777
22/04/2014;0.00040777
23/04/2014;0.000407412
24/04/2014;0.00040777
25/04/2014;0.000407412
28/04/2014;0.00040777
29/04/2014;0.00040777
30/04/2014;0.000407412
02/05/2014;0.00040777
05/05/2014;0.00040777
06/05/2014;0.00040777
07/05/2014;0.000408128
08/05/2014;0.000408486
09/05/2014;0.000408128
12/05/2014;0.000408486
13/05/2014;0.000408486
14/05/2014;0.000408486
15/05/2014;0.000408844
16/05/2014;0.000408844
19/05/2014;0.000408486
20/05/2014;0.000408128
21/05/2014;0.000408128
22/05/2014;0.00040777
23/05/2014;0.000408128
26/05/2014;0.000408128
27/05/2014;0.000408844
28/05/2014;0.000408486
29/05/2014;0.000407412
30/05/2014;0.000407412
02/06/2014;0.00040777
03/06/2014;0.000407412
04/06/2014;0.000407412
05/06/2014;0.000407412
06/06/2014;0.000407412
09/06/2014;0.000407412
10/06/2014;0.00040777
11/06/2014;0.000407412
13/06/2014;0.000407412
16/06/2014;0.000407412
17/06/2014;0.00040777
18/06/2014;0.000407412
20/06/2014;0.000407412
23/06/2014;0.000407412
24/06/2014;0.000407412
25/06/2014;0.000407412
26/06/2014;0.00040777
27/06/2014;0.000407053
30/06/2014;0.000407412
01/07/2014;0.00040777
02/07/2014;0.000407053
03/07/2014;0.000407412
04/07/2014;0.000407412
07/07/2014;0.000407412
08/07/2014;0.000407412
10/07/2014;0.000407412
11/07/2014;0.000407412
14/07/2014;0.000406695
15/07/2014;0.000407053
16/07/2014;0.000407053
17/07/2014;0.000407053
18/07/2014;0.000407053
21/07/2014;0.00040777
22/07/2014;0.000407053
23/07/2014;0.000407412
24/07/2014;0.00040777
25/07/2014;0.000407412
28/07/2014;0.000407412
29/07/2014;0.000407412
30/07/2014;0.000407412
31/07/2014;0.000407412
01/08/2014;0.000408128
04/08/2014;0.000407412
05/08/2014;0.000407412
06/08/2014;0.00040777
07/08/2014;0.00040777
08/08/2014;0.00040777
11/08/2014;0.000407412
12/08/2014;0.00040777
13/08/2014;0.00040777
14/08/2014;0.00040777
15/08/2014;0.000407412
18/08/2014;0.00040777
19/08/2014;0.000407412
20/08/2014;0.000407412
21/08/2014;0.00040777
22/08/2014;0.00040777
25/08/2014;0.000407412
26/08/2014;0.00040777
27/08/2014;0.00040777
28/08/2014;0.000407053
29/08/2014;0.000407053
01/09/2014;0.000407053
02/09/2014;0.000407412
03/09/2014;0.000407412
04/09/2014;0.00040777
05/09/2014;0.00040777
08/09/2014;0.00040777
09/09/2014;0.00040777
10/09/2014;0.00040777
11/09/2014;0.00040777
12/09/2014;0.00040777
15/09/2014;0.00040777
16/09/2014;0.000407412
17/09/2014;0.00040777
18/09/2014;0.00040777
19/09/2014;0.000407412
22/09/2014;0.000408128
23/09/2014;0.000407412
24/09/2014;0.00040777
25/09/2014;0.000408486
26/09/2014;0.000408128
29/09/2014;0.000408486
30/09/2014;0.000408486
01/10/2014;0.000408486
02/10/2014;0.00040777
03/10/2014;0.00040777
06/10/2014;0.000408128
07/10/2014;0.000408128
08/10/2014;0.000408486
09/10/2014;0.000408486
10/10/2014;0.000408486
13/10/2014;0.000409203
14/10/2014;0.000408844
15/10/2014;0.000409203
16/10/2014;0.000409919
17/10/2014;0.000410277
20/10/2014;0.000409919
21/10/2014;0.000410993
22/10/2014;0.000410635
23/10/2014;0.000410993
24/10/2014;0.000409919
27/10/2014;0.000408844
28/10/2014;0.000409203
29/10/2014;0.000409203
30/10/2014;0.000417073
31/10/2014;0.000417073
03/11/2014;0.000418145
04/11/2014;0.00041886
05/11/2014;0.000419217
06/11/2014;0.000419931
07/11/2014;0.000420645
10/11/2014;0.000421359
11/11/2014;0.00042243
12/11/2014;0.000422787
13/11/2014;0.000423858
14/11/2014;0.000423858
17/11/2014;0.000424928
18/11/2014;0.000424928
19/11/2014;0.000425641
21/11/2014;0.000425641
24/11/2014;0.000426711
25/11/2014;0.00042778
26/11/2014;0.000429206
27/11/2014;0.000429918
28/11/2014;0.000431343
01/12/2014;0.000432411
02/12/2014;0.000434191
03/12/2014;0.000435614
04/12/2014;0.000435258
05/12/2014;0.000435614
08/12/2014;0.00043597
09/12/2014;0.000436326
10/12/2014;0.000437037
11/12/2014;0.000436681
12/12/2014;0.000437037
15/12/2014;0.000437392
16/12/2014;0.000440236
17/12/2014;0.000440236
18/12/2014;0.000440236
19/12/2014;0.000440236
22/12/2014;0.000440591
23/12/2014;0.000440947
26/12/2014;0.000442012
29/12/2014;0.000441657
30/12/2014;0.000442367
02/01/2015;0.000442722
05/01/2015;0.000444498
06/01/2015;0.000444498
07/01/2015;0.000444853
08/01/2015;0.000445562
09/01/2015;0.000445917
12/01/2015;0.000447336
13/01/2015;0.000447691
14/01/2015;0.0004484
15/01/2015;0.000449109
16/01/2015;0.000449109
19/01/2015;0.000449818
20/01/2015;0.000450527
21/01/2015;0.000450881
22/01/2015;0.000453007
23/01/2015;0.000453007
26/01/2015;0.000453007
27/01/2015;0.000453007
28/01/2015;0.000452653
29/01/2015;0.000453007
30/01/2015;0.000453007
02/02/2015;0.000454424
03/02/2015;0.000454778
04/02/2015;0.000455486
05/02/2015;0.000456547
06/02/2015;0.000456547
09/02/2015;0.000457963
10/02/2015;0.000459024
11/02/2015;0.000460792
12/02/2015;0.000461145
13/02/2015;0.000461852
18/02/2015;0.000463265
19/02/2015;0.000463972
20/02/2015;0.000464678
23/02/2015;0.000465384
24/02/2015;0.000465737
25/02/2015;0.000466443
26/02/2015;0.000466796
27/02/2015;0.000466796
02/03/2015;0.000468208
03/03/2015;0.000468914
04/03/2015;0.00047103
05/03/2015;0.000471382
06/03/2015;0.000471735
09/03/2015;0.000473145
10/03/2015;0.000472792
11/03/2015;0.00047244
12/03/2015;0.00047244
13/03/2015;0.000473145
16/03/2015;0.000472792
17/03/2015;0.000473145
18/03/2015;0.00047244
19/03/2015;0.00047244
20/03/2015;0.00047244
23/03/2015;0.000472087
24/03/2015;0.00047244
25/03/2015;0.000472087
26/03/2015;0.000472087
27/03/2015;0.000471735
30/03/2015;0.000472087
31/03/2015;0.00047244
01/04/2015;0.000472087
02/04/2015;0.000472087
06/04/2015;0.000473145
07/04/2015;0.000473497
08/04/2015;0.000474202
09/04/2015;0.000474906
10/04/2015;0.000474906
13/04/2015;0.000476315
14/04/2015;0.000477371
15/04/2015;0.000478427
16/04/2015;0.000479483
17/04/2015;0.000480186
20/04/2015;0.000482296
22/04/2015;0.000483351
23/04/2015;0.000483703
24/04/2015;0.000484405
27/04/2015;0.00048546
28/04/2015;0.000485811
29/04/2015;0.000487216
30/04/2015;0.000489322
04/05/2015;0.000490375
05/05/2015;0.000490726
06/05/2015;0.000491778
07/05/2015;0.00049248
08/05/2015;0.00049248
11/05/2015;0.000493532
12/05/2015;0.000494233
13/05/2015;0.000494934
14/05/2015;0.000495635
15/05/2015;0.000495635
18/05/2015;0.000497036
19/05/2015;0.000497737
20/05/2015;0.000498087
21/05/2015;0.000499137
22/05/2015;0.000499487
25/05/2015;0.000500537
26/05/2015;0.000500887
27/05/2015;0.000501587
28/05/2015;0.000502287
29/05/2015;0.000503336
01/06/2015;0.000504385
02/06/2015;0.000505434
03/06/2015;0.000506133
05/06/2015;0.00050788
08/06/2015;0.00050788
09/06/2015;0.00050788
10/06/2015;0.00050788
11/06/2015;0.00050823
12/06/2015;0.00050823
15/06/2015;0.00050823
16/06/2015;0.00050823
17/06/2015;0.00050823
18/06/2015;0.000508579
19/06/2015;0.000508579
22/06/2015;0.000508579
23/06/2015;0.000508579
24/06/2015;0.000508579
25/06/2015;0.000508579
26/06/2015;0.000508928
29/06/2015;0.000508928
30/06/2015;0.000508928
01/07/2015;0.000508928
02/07/2015;0.000508928
03/07/2015;0.000508928
06/07/2015;0.000510325
07/07/2015;0.000511023
08/07/2015;0.000511721
10/07/2015;0.000511721
13/07/2015;0.000512419
14/07/2015;0.000512768
15/07/2015;0.000513466
16/07/2015;0.000513815
17/07/2015;0.000514512
20/07/2015;0.000514164
21/07/2015;0.000514512
22/07/2015;0.000514512
23/07/2015;0.000515907
24/07/2015;0.000520089
27/07/2015;0.000521481
28/07/2015;0.000522178
29/07/2015;0.000522526
30/07/2015;0.000525657
31/07/2015;0.000524961
03/08/2015;0.000524961
04/08/2015;0.000525309
05/08/2015;0.000525309
06/08/2015;0.000526353
07/08/2015;0.0005267
10/08/2015;0.000526005
11/08/2015;0.000525657
12/08/2015;0.000525309
13/08/2015;0.000525657
14/08/2015;0.000525657
17/08/2015;0.000525657
18/08/2015;0.000525657
19/08/2015;0.000525657
20/08/2015;0.000525309
21/08/2015;0.000525309
24/08/2015;0.000525657
25/08/2015;0.000525657
26/08/2015;0.000525657
27/08/2015;0.000525309
28/08/2015;0.000525309
31/08/2015;0.000526353
01/09/2015;0.0005267
02/09/2015;0.000527048
03/09/2015;0.000525309
04/09/2015;0.000526353
08/09/2015;0.000526005
09/09/2015;0.000526005
10/09/2015;0.000526353
11/09/2015;0.000526353
14/09/2015;0.000526005
15/09/2015;0.000526005
16/09/2015;0.000525657
17/09/2015;0.000525657
18/09/2015;0.000526353
21/09/2015;0.0005267
22/09/2015;0.000527396
23/09/2015;0.000530176
24/09/2015;0.000529133
25/09/2015;0.000529133
28/09/2015;0.000530523
29/09/2015;0.000530523
30/09/2015;0.000529828
01/10/2015;0.000530176
02/10/2015;0.000527743
05/10/2015;0.000527743
06/10/2015;0.000526353
07/10/2015;0.000527048
08/10/2015;0.000526005
09/10/2015;0.000526353
13/10/2015;0.000526353
14/10/2015;0.000526353
15/10/2015;0.000525657
16/10/2015;0.000526005
19/10/2015;0.000526005
20/10/2015;0.000526005
21/10/2015;0.000526005
22/10/2015;0.000525657
23/10/2015;0.000525657
26/10/2015;0.000526005
27/10/2015;0.000526005
28/10/2015;0.000526353
29/10/2015;0.000526005
30/10/2015;0.000526353
03/11/2015;0.000526353
04/11/2015;0.000526353
05/11/2015;0.000527048
06/11/2015;0.000527048
09/11/2015;0.000527048
10/11/2015;0.000527048
11/11/2015;0.0005267
12/11/2015;0.000527048
13/11/2015;0.000527048
16/11/2015;0.000527048
17/11/2015;0.000526353
18/11/2015;0.000526353
19/11/2015;0.000525657
23/11/2015;0.000526005
24/11/2015;0.000525657
25/11/2015;0.000525657
26/11/2015;0.000525309
27/11/2015;0.000525657
30/11/2015;0.000525309
01/12/2015;0.000525309
02/12/2015;0.000525657
03/12/2015;0.000525657
04/12/2015;0.000525657
07/12/2015;0.000526005
08/12/2015;0.000526353
09/12/2015;0.0005267
10/12/2015;0.0005267
11/12/2015;0.000527048
14/12/2015;0.000527396
15/12/2015;0.000527743
16/12/2015;0.000527743
17/12/2015;0.000528438
18/12/2015;0.000528438
21/12/2015;0.000529133
22/12/2015;0.000529133
23/12/2015;0.000529828
28/12/2015;0.000530871
29/12/2015;0.000530523
30/12/2015;0.000531565
04/01/2016;0.000533301
05/01/2016;0.00053226
06/01/2016;0.000532607
07/01/2016;0.000532954
08/01/2016;0.000533648
11/01/2016;0.000534689
12/01/2016;0.000534689
13/01/2016;0.000535383
14/01/2016;0.000536077
15/01/2016;0.000536424
18/01/2016;0.000537811
19/01/2016;0.000534689
20/01/2016;0.00053226
21/01/2016;0.000525657
22/01/2016;0.000524961
26/01/2016;0.000524961
27/01/2016;0.000525309
28/01/2016;0.000524961
29/01/2016;0.000524961
01/02/2016;0.000525309
02/02/2016;0.000525309
03/02/2016;0.000525657
04/02/2016;0.000525657
05/02/2016;0.000525657
10/02/2016;0.000526005
11/02/2016;0.000526353
12/02/2016;0.000526353
15/02/2016;0.000526005
16/02/2016;0.000525657
17/02/2016;0.000525309
18/02/2016;0.000525657
19/02/2016;0.000525309
22/02/2016;0.000525657
23/02/2016;0.000525657
24/02/2016;0.000525309
25/02/2016;0.000525657
26/02/2016;0.000525657
29/02/2016;0.000525657
01/03/2016;0.000525657
02/03/2016;0.000525309
03/03/2016;0.000524961
04/03/2016;0.000524961
07/03/2016;0.000524961
08/03/2016;0.000524961
09/03/2016;0.000524961
10/03/2016;0.000524961
11/03/2016;0.000524961
14/03/2016;0.000524961
15/03/2016;0.000524614
16/03/2016;0.000524961
17/03/2016;0.000524614
18/03/2016;0.000524961
21/03/2016;0.000524961
22/03/2016;0.000524961
23/03/2016;0.000524961
24/03/2016;0.000524961
28/03/2016;0.000524961
29/03/2016;0.000524961
30/03/2016;0.000524961
31/03/2016;0.000524961
01/04/2016;0.000524961
04/04/2016;0.000524614
05/04/2016;0.000524961
06/04/2016;0.000524614
07/04/2016;0.000524614
08/04/2016;0.000524614
11/04/2016;0.000524614
12/04/2016;0.000524266
13/04/2016;0.000524266
14/04/2016;0.000524266
15/04/2016;0.000523918
18/04/2016;0.00052357
19/04/2016;0.00052357
20/04/2016;0.000523918
22/04/2016;0.000524266
25/04/2016;0.000524266
26/04/2016;0.000524266
27/04/2016;0.000524266
28/04/2016;0.000524614
29/04/2016;0.000524614
02/05/2016;0.000524266
03/05/2016;0.000524614
04/05/2016;0.000524266
05/05/2016;0.000524266
06/05/2016;0.000524266
09/05/2016;0.000524266
10/05/2016;0.000523918
11/05/2016;0.000523918
12/05/2016;0.000523918
13/05/2016;0.000523918
16/05/2016;0.000524266
17/05/2016;0.000524266
18/05/2016;0.000523918
19/05/2016;0.000523918
20/05/2016;0.000524266
23/05/2016;0.000524266
24/05/2016;0.000524266
25/05/2016;0.000524266
27/05/2016;0.000523918
30/05/2016;0.000524266
31/05/2016;0.000523918
01/06/2016;0.000523918
02/06/2016;0.000523918
03/06/2016;0.000523918
06/06/2016;0.00052357
07/06/2016;0.00052357
08/06/2016;0.000523222
09/06/2016;0.000524266
10/06/2016;0.000524266
13/06/2016;0.000524266
14/06/2016;0.000524266
15/06/2016;0.000524266
16/06/2016;0.000524266
17/06/2016;0.000524266
20/06/2016;0.000523918
21/06/2016;0.000523918
22/06/2016;0.000524266
23/06/2016;0.000524266
24/06/2016;0.000523918
27/06/2016;0.000523918
28/06/2016;0.000524266
29/06/2016;0.000523918
30/06/2016;0.000523918
01/07/2016;0.000524266
04/07/2016;0.000524266
05/07/2016;0.000524266
06/07/2016;0.000523918
07/07/2016;0.000523918
08/07/2016;0.000524266
11/07/2016;0.000523918
12/07/2016;0.000523918
13/07/2016;0.000523918
14/07/2016;0.000523918
15/07/2016;0.000523918
18/07/2016;0.000523918
19/07/2016;0.000523918
20/07/2016;0.000523918
21/07/2016;0.000524266
22/07/2016;0.000524614
25/07/2016;0.000524614
26/07/2016;0.000524961
27/07/2016;0.000524614
28/07/2016;0.000524614
29/07/2016;0.000524614
01/08/2016;0.000524266
02/08/2016;0.000524266
03/08/2016;0.000524266
04/08/2016;0.000524266
05/08/2016;0.000524266
08/08/2016;0.000524266
09/08/2016;0.000524266
10/08/2016;0.000524266
11/08/2016;0.000524266
12/08/2016;0.000524266
15/08/2016;0.000524266
16/08/2016;0.000524266
17/08/2016;0.000524614
18/08/2016;0.000524266
19/08/2016;0.000524266
22/08/2016;0.000524266
23/08/2016;0.000524266
24/08/2016;0.000524266
25/08/2016;0.000524266
26/08/2016;0.000524266
29/08/2016;0.000524266
30/08/2016;0.000524266
31/08/2016;0.000524266
01/09/2016;0.000524614
02/09/2016;0.000524614
05/09/2016;0.000524614
06/09/2016;0.000524266
08/09/2016;0.000524266
09/09/2016;0.000524266
12/09/2016;0.000524266
13/09/2016;0.000524266
14/09/2016;0.000524266
15/09/2016;0.000524266
16/09/2016;0.000523918
19/09/2016;0.000523918
20/09/2016;0.00052357
21/09/2016;0.000523222
22/09/2016;0.000522526
23/09/2016;0.000522178
26/09/2016;0.00052183
27/09/2016;0.000521133
28/09/2016;0.000520437
29/09/2016;0.000520785
30/09/2016;0.000520785
03/10/2016;0.00051974
04/10/2016;0.000520089
05/10/2016;0.000519392
06/10/2016;0.000518695
07/10/2016;0.000517998
10/10/2016;0.000517301
11/10/2016;0.000516604
13/10/2016;0.000515907
14/10/2016;0.000514861
17/10/2016;0.000514861
18/10/2016;0.000514512
19/10/2016;0.000513466
20/10/2016;0.000515907
21/10/2016;0.000515558
24/10/2016;0.000515907
25/10/2016;0.000515907
26/10/2016;0.000515907
27/10/2016;0.000515907
28/10/2016;0.000515907
31/10/2016;0.000515907
01/11/2016;0.000516256
03/11/2016;0.000514861
04/11/2016;0.000514861
07/11/2016;0.000513815
08/11/2016;0.000513117
09/11/2016;0.000512768
10/11/2016;0.000512419
11/11/2016;0.000512768
14/11/2016;0.000512768
16/11/2016;0.000511721
17/11/2016;0.000511372
18/11/2016;0.000511023
21/11/2016;0.000509627
22/11/2016;0.000508928
23/11/2016;0.00050823
24/11/2016;0.00050788
25/11/2016;0.00050788
28/11/2016;0.000506832
29/11/2016;0.000506832
30/11/2016;0.000506133
01/12/2016;0.000507182
02/12/2016;0.000507182
05/12/2016;0.000506483
06/12/2016;0.000505784
07/12/2016;0.000505434
08/12/2016;0.000504735
09/12/2016;0.000504735
12/12/2016;0.000503336
13/12/2016;0.000502987
14/12/2016;0.000502287
15/12/2016;0.000501937
16/12/2016;0.000501237
19/12/2016;0.000500537
20/12/2016;0.000500187
21/12/2016;0.000498787
22/12/2016;0.000498437
23/12/2016;0.000498437
26/12/2016;0.000497737
27/12/2016;0.000497386
28/12/2016;0.000496335
29/12/2016;0.000495635
02/01/2017;0.000494583
03/01/2017;0.000493882
04/01/2017;0.00049283
05/01/2017;0.000491077
06/01/2017;0.000490726
09/01/2017;0.000489322
10/01/2017;0.000488269
11/01/2017;0.000487567
12/01/2017;0.000480186
13/01/2017;0.000479835
16/01/2017;0.000479483
17/01/2017;0.000479483
18/01/2017;0.000479835
19/01/2017;0.000479131
20/01/2017;0.000478779
23/01/2017;0.000478075
24/01/2017;0.000478427
26/01/2017;0.000478427
27/01/2017;0.000478427
30/01/2017;0.000478075
31/01/2017;0.000477019
01/02/2017;0.000475963
02/02/2017;0.000474554
03/02/2017;0.000473849
06/02/2017;0.000471382
07/02/2017;0.000469972
08/02/2017;0.000468208
09/02/2017;0.000467149
10/02/2017;0.000466443
13/02/2017;0.000464325
14/02/2017;0.000462912
15/02/2017;0.000461145
16/02/2017;0.000460084
17/02/2017;0.000459024
20/02/2017;0.000457255
21/02/2017;0.000455486
22/02/2017;0.000454424
23/02/2017;0.000454424
24/02/2017;0.000454424
01/03/2017;0.000454424
02/03/2017;0.000454424
03/03/2017;0.000454424
06/03/2017;0.000453007
07/03/2017;0.000452299
08/03/2017;0.000451236
09/03/2017;0.000450527
10/03/2017;0.000450173
13/03/2017;0.0004484
14/03/2017;0.000447691
15/03/2017;0.000446981
16/03/2017;0.000446981
17/03/2017;0.000446627
20/03/2017;0.000444853
21/03/2017;0.000443788
22/03/2017;0.000442722
23/03/2017;0.000442367
24/03/2017;0.000441302
27/03/2017;0.000439881
28/03/2017;0.00043917
29/03/2017;0.000437748
30/03/2017;0.000437392
31/03/2017;0.000435614
03/04/2017;0.000434191
04/04/2017;0.000432411
05/04/2017;0.000430275
06/04/2017;0.000428493
07/04/2017;0.000426711
10/04/2017;0.000423858
11/04/2017;0.000421716
12/04/2017;0.000419931
13/04/2017;0.00041886
17/04/2017;0.00041886
18/04/2017;0.00041886
19/04/2017;0.00041886
20/04/2017;0.00041886
24/04/2017;0.00041886
25/04/2017;0.000418502
26/04/2017;0.000419217
27/04/2017;0.00041886
28/04/2017;0.00041886
